Concurso;Data Sorteio;Bola1;Bola2;Bola3;Bola4;Bola5;Bola6;Bola7;Mˆs da Sorte
1;19/05/2018;3;5;8;9;19;21;30;2
2;22/05/2018;8;11;12;14;20;21;28;12
3;24/05/2018;11;12;21;24;25;28;29;4
4;26/05/2018;6;7;13;15;18;19;29;1
5;29/05/2018;2;8;9;17;19;24;28;12
6;02/06/2018;1;11;18;19;26;30;31;2
7;05/06/2018;2;5;6;14;20;24;25;1
8;07/06/2018;1;4;13;21;22;24;27;9
9;09/06/2018;3;10;13;18;19;23;24;8
10;12/06/2018;6;10;13;18;19;20;30;8
11;14/06/2018;7;13;16;19;20;27;31;9
12;16/06/2018;2;3;7;12;17;21;22;9
13;19/06/2018;1;4;7;9;20;21;26;4
14;21/06/2018;1;8;16;20;21;26;31;11
15;23/06/2018;8;11;13;16;26;28;29;11
16;26/06/2018;1;2;7;12;16;20;25;10
17;28/06/2018;9;11;13;14;19;20;22;6
18;30/06/2018;4;7;8;14;21;27;31;6
19;03/07/2018;3;4;9;12;14;28;29;10
20;05/07/2018;6;12;17;21;26;29;31;10
21;07/07/2018;2;8;10;11;12;18;31;3
22;10/07/2018;2;4;5;12;18;22;27;7
23;12/07/2018;9;10;17;19;25;27;28;5
24;14/07/2018;7;8;12;15;16;18;30;10
25;17/07/2018;1;10;13;17;21;25;29;7
26;19/07/2018;2;8;10;11;16;20;28;8
27;21/07/2018;6;12;15;17;20;23;28;2
28;24/07/2018;2;9;12;15;18;20;24;11
29;26/07/2018;3;5;13;21;22;24;27;2
30;28/07/2018;4;8;9;17;20;27;30;11
31;31/07/2018;4;6;7;9;11;24;28;6
32;02/08/2018;3;4;7;16;18;20;27;3
33;04/08/2018;3;10;12;13;23;28;31;9
34;07/08/2018;6;12;15;18;23;27;29;12
35;09/08/2018;3;7;11;12;17;22;23;11
36;11/08/2018;2;7;11;12;13;16;27;6
37;14/08/2018;2;7;12;16;18;22;23;1
38;16/08/2018;8;15;17;18;26;29;30;7
39;18/08/2018;4;5;6;9;13;25;30;3
40;21/08/2018;2;10;12;14;19;21;27;9
41;23/08/2018;7;12;23;25;27;30;31;12
42;25/08/2018;6;11;14;16;17;29;31;6
43;28/08/2018;4;7;17;18;27;28;31;4
44;30/08/2018;7;9;15;23;26;30;31;6
45;01/09/2018;2;5;7;12;15;29;30;9
46;04/09/2018;1;4;5;8;10;16;30;8
47;06/09/2018;5;7;13;15;16;20;22;9
48;08/09/2018;6;8;10;17;23;29;31;4
49;11/09/2018;4;11;16;17;20;23;31;1
50;13/09/2018;14;16;17;18;22;23;31;9
51;15/09/2018;2;8;10;14;16;24;28;9
52;18/09/2018;7;12;14;20;22;24;26;9
53;20/09/2018;3;7;16;18;19;25;30;4
54;22/09/2018;4;11;18;21;24;25;27;8
55;25/09/2018;1;8;16;18;22;25;28;10
56;27/09/2018;9;10;15;16;17;23;31;12
57;29/09/2018;3;5;10;12;18;26;28;10
58;02/10/2018;11;12;13;24;25;29;30;8
59;04/10/2018;3;4;5;8;10;24;25;10
60;06/10/2018;1;6;7;8;17;18;22;10
61;09/10/2018;5;8;10;13;19;25;28;4
62;11/10/2018;7;11;13;18;23;28;30;12
63;13/10/2018;2;3;6;9;27;28;29;8
64;16/10/2018;5;6;8;17;18;20;27;1
65;18/10/2018;7;20;21;27;28;30;31;2
66;20/10/2018;4;6;10;11;12;17;24;9
67;23/10/2018;1;4;8;14;19;22;26;10
68;25/10/2018;1;4;6;14;20;21;27;1
69;27/10/2018;1;3;5;6;8;26;29;7
70;30/10/2018;2;4;5;9;11;28;29;12
71;01/11/2018;4;6;7;8;24;27;31;9
72;03/11/2018;1;2;6;8;9;18;21;4
73;06/11/2018;8;9;10;11;14;18;23;8
74;08/11/2018;6;12;15;17;20;23;29;6
75;10/11/2018;2;3;6;14;28;30;31;1
76;13/11/2018;10;15;16;21;25;26;29;10
77;17/11/2018;6;7;11;12;14;19;21;9
78;20/11/2018;4;6;8;13;14;19;23;10
79;22/11/2018;1;8;10;12;15;21;28;9
80;24/11/2018;2;3;4;10;18;19;28;6
81;27/11/2018;6;10;12;25;26;27;29;2
82;29/11/2018;2;9;10;13;16;17;22;4
83;01/12/2018;2;9;10;13;15;21;26;5
84;04/12/2018;7;10;15;16;18;19;24;5
85;06/12/2018;3;7;21;22;23;26;31;6
86;08/12/2018;3;6;8;9;11;19;26;2
87;11/12/2018;7;9;10;15;18;21;22;1
88;13/12/2018;3;4;17;18;19;23;27;5
89;15/12/2018;3;6;16;18;19;24;31;7
90;18/12/2018;1;5;6;8;12;23;26;5
91;20/12/2018;8;10;15;16;23;28;29;4
92;22/12/2018;5;7;8;9;15;26;29;12
93;27/12/2018;1;8;9;16;21;23;30;8
94;29/12/2018;7;10;13;15;19;23;26;9
95;03/01/2019;5;7;8;18;20;23;28;7
96;05/01/2019;3;4;9;15;17;28;29;5
97;08/01/2019;1;10;12;22;23;25;28;11
98;10/01/2019;1;3;7;12;26;27;28;9
99;12/01/2019;4;14;20;27;28;29;30;3
100;15/01/2019;3;4;8;15;16;20;21;5
101;17/01/2019;4;5;9;13;19;20;29;12
102;19/01/2019;4;7;10;19;22;26;28;5
103;22/01/2019;4;5;19;23;25;26;31;1
104;24/01/2019;3;13;20;25;26;27;30;12
105;26/01/2019;3;7;8;12;21;24;29;8
106;29/01/2019;5;8;17;20;25;26;28;12
107;31/01/2019;4;7;13;15;18;20;23;6
108;02/02/2019;2;6;15;17;22;24;25;11
109;05/02/2019;3;18;20;23;24;26;28;7
110;07/02/2019;4;8;10;11;14;18;26;3
111;09/02/2019;1;6;8;14;17;21;26;2
112;12/02/2019;11;13;18;21;24;25;26;12
113;14/02/2019;6;9;10;12;17;27;30;5
114;16/02/2019;7;8;9;23;26;29;31;11
115;19/02/2019;7;8;13;16;18;21;22;2
116;21/02/2019;2;5;12;16;18;24;30;3
117;23/02/2019;5;7;9;16;18;20;27;10
118;26/02/2019;2;5;7;9;15;22;30;10
119;28/02/2019;2;3;6;12;24;25;28;11
120;02/03/2019;2;8;16;21;22;27;28;2
121;07/03/2019;3;9;10;12;14;19;24;7
122;09/03/2019;12;13;14;15;16;23;31;4
123;12/03/2019;6;11;16;18;19;21;23;8
124;14/03/2019;12;15;20;21;22;24;27;11
125;16/03/2019;1;8;12;13;17;26;30;12
126;19/03/2019;9;11;14;18;24;27;29;8
127;21/03/2019;1;5;7;9;17;21;22;5
128;23/03/2019;2;7;8;15;19;20;22;5
129;26/03/2019;6;12;13;15;16;28;29;10
130;28/03/2019;5;8;10;20;23;25;28;1
131;30/03/2019;4;5;11;22;26;27;30;3
132;02/04/2019;3;11;14;18;19;23;26;10
133;04/04/2019;1;4;8;10;20;22;31;3
134;06/04/2019;1;2;8;10;14;16;18;5
135;09/04/2019;2;5;6;11;25;27;28;1
136;11/04/2019;17;19;20;21;23;27;30;3
137;13/04/2019;3;5;6;8;16;19;28;12
138;16/04/2019;9;13;15;17;21;27;29;6
139;18/04/2019;3;4;11;13;18;19;22;7
140;20/04/2019;5;8;9;12;14;17;22;3
141;23/04/2019;2;7;9;15;23;25;30;7
142;25/04/2019;6;11;18;21;23;29;30;6
143;27/04/2019;5;10;11;15;22;29;31;1
144;30/04/2019;2;4;7;8;13;15;27;11
145;02/05/2019;2;3;6;10;11;13;15;12
146;04/05/2019;1;8;9;17;18;19;23;3
147;07/05/2019;2;3;6;8;9;22;27;1
148;09/05/2019;7;9;11;18;21;22;29;9
149;11/05/2019;3;16;20;21;25;26;30;8
150;14/05/2019;1;2;7;16;17;26;29;8
151;16/05/2019;3;11;13;17;22;29;31;11
152;18/05/2019;1;3;5;10;14;25;31;7
153;21/05/2019;2;13;21;23;25;29;30;6
154;23/05/2019;3;5;9;14;21;29;30;12
155;25/05/2019;3;13;15;16;25;27;28;5
156;28/05/2019;1;3;7;15;16;29;31;4
157;30/05/2019;2;10;17;18;20;25;29;12
158;01/06/2019;7;14;20;23;27;28;29;3
159;04/06/2019;1;10;14;17;23;28;31;10
160;06/06/2019;4;8;9;12;13;25;30;11
161;08/06/2019;2;3;5;14;15;20;25;12
162;11/06/2019;6;10;11;14;20;24;25;7
163;13/06/2019;7;10;16;18;24;25;27;12
164;15/06/2019;7;10;12;13;17;21;22;9
165;18/06/2019;4;5;7;8;11;19;24;2
166;22/06/2019;6;7;11;19;22;23;25;9
167;25/06/2019;10;11;12;13;15;20;26;8
168;27/06/2019;1;3;4;20;23;25;26;3
169;29/06/2019;9;11;14;18;24;26;29;10
170;02/07/2019;1;9;10;11;15;20;21;6
171;04/07/2019;3;7;11;18;20;23;29;12
172;06/07/2019;3;6;10;21;25;27;30;10
173;09/07/2019;2;7;11;13;25;27;28;4
174;11/07/2019;3;5;6;7;17;19;25;2
175;13/07/2019;4;6;7;17;21;26;31;12
176;16/07/2019;3;4;6;9;10;18;29;6
177;18/07/2019;3;11;17;18;24;25;28;10
178;20/07/2019;2;3;4;9;12;23;24;9
179;23/07/2019;3;4;5;11;21;24;30;10
180;25/07/2019;5;13;20;21;23;25;30;11
181;27/07/2019;6;8;10;15;17;26;28;8
182;30/07/2019;2;3;7;15;22;26;31;10
183;01/08/2019;5;7;16;17;21;24;27;11
184;03/08/2019;6;9;10;14;16;17;22;8
185;06/08/2019;7;11;18;21;24;28;29;6
186;08/08/2019;6;15;17;22;23;26;27;9
187;10/08/2019;1;3;6;15;17;23;26;10
188;13/08/2019;8;12;21;23;24;26;28;5
189;15/08/2019;2;7;13;16;18;20;29;11
190;17/08/2019;3;4;5;6;14;16;27;7
191;20/08/2019;3;4;11;24;26;28;29;10
192;22/08/2019;4;11;14;15;18;28;31;12
193;24/08/2019;12;13;16;25;28;30;31;7
194;27/08/2019;3;4;7;9;15;21;23;1
195;29/08/2019;2;3;5;14;15;22;23;2
196;31/08/2019;4;13;14;22;26;29;30;8
197;03/09/2019;1;2;4;11;17;18;28;4
198;05/09/2019;1;2;9;10;16;23;28;1
199;10/09/2019;2;15;20;21;22;23;24;7
200;12/09/2019;10;12;13;17;21;23;27;2
201;14/09/2019;2;7;9;13;14;16;29;6
202;17/09/2019;5;6;7;11;21;26;29;9
203;19/09/2019;2;3;7;10;15;17;20;12
204;21/09/2019;2;11;20;21;27;28;31;6
205;24/09/2019;5;6;9;17;19;20;23;5
206;26/09/2019;13;16;21;23;24;27;28;12
207;28/09/2019;1;5;8;10;12;25;28;7
208;01/10/2019;2;4;17;21;28;29;31;10
209;03/10/2019;5;7;14;17;19;23;29;8
210;05/10/2019;7;10;18;19;20;23;27;12
211;08/10/2019;1;5;13;24;26;27;29;5
212;10/10/2019;5;11;14;17;18;26;30;10
213;15/10/2019;6;9;10;18;21;24;26;9
214;17/10/2019;2;9;11;13;21;28;29;5
215;19/10/2019;4;7;11;13;15;18;25;6
216;22/10/2019;5;8;9;14;25;28;30;8
217;24/10/2019;2;6;16;17;18;20;26;9
218;26/10/2019;2;3;11;12;17;18;21;9
219;29/10/2019;3;6;10;16;17;25;28;3
220;31/10/2019;2;4;9;17;19;25;31;2
221;05/11/2019;3;6;7;9;15;27;31;12
222;07/11/2019;3;12;13;16;18;19;27;4
223;09/11/2019;3;4;10;11;14;19;28;12
224;12/11/2019;1;6;8;14;17;19;23;3
225;14/11/2019;1;7;12;14;22;24;26;4
226;16/11/2019;1;4;8;12;22;24;28;2
227;19/11/2019;2;11;12;15;17;20;25;6
228;21/11/2019;4;10;14;18;21;22;23;12
229;23/11/2019;9;13;15;21;25;27;30;6
230;26/11/2019;5;8;12;18;24;27;29;5
231;28/11/2019;4;10;12;13;14;24;26;2
232;30/11/2019;4;5;6;12;15;16;26;11
233;03/12/2019;3;6;7;16;22;23;28;12
234;05/12/2019;4;5;13;17;23;24;29;12
235;07/12/2019;13;17;18;19;22;27;29;8
236;10/12/2019;4;5;6;9;11;19;23;4
237;12/12/2019;3;6;14;18;19;29;31;8
238;14/12/2019;1;2;10;19;24;26;28;8
239;17/12/2019;5;13;15;23;27;29;30;8
240;19/12/2019;1;4;8;13;19;22;25;10
241;21/12/2019;3;5;6;12;20;23;31;7
242;24/12/2019;2;3;5;9;16;19;25;2
243;26/12/2019;2;4;8;13;14;17;22;2
244;28/12/2019;1;6;12;13;15;16;29;12
245;30/12/2019;1;5;7;14;21;30;31;5
246;02/01/2020;9;10;14;16;18;19;24;5
247;04/01/2020;2;9;10;12;17;25;28;8
248;07/01/2020;2;5;14;16;17;18;22;6
249;09/01/2020;3;8;12;20;21;27;29;9
250;11/01/2020;1;5;10;14;15;29;30;12
251;14/01/2020;5;11;14;18;20;27;31;3
252;16/01/2020;4;9;12;19;25;28;31;12
253;18/01/2020;4;12;14;19;23;28;29;4
254;21/01/2020;18;20;21;22;25;27;31;2
255;23/01/2020;3;11;23;24;25;28;30;7
256;25/01/2020;1;5;12;16;27;30;31;12
257;28/01/2020;5;12;17;19;21;24;28;5
258;30/01/2020;1;2;3;9;13;24;30;7
259;01/02/2020;6;9;10;13;21;26;29;9
260;04/02/2020;5;8;10;12;18;24;31;6
261;06/02/2020;5;8;9;18;23;26;31;4
262;08/02/2020;4;5;17;18;20;27;28;6
263;11/02/2020;9;18;19;21;23;27;30;12
264;13/02/2020;13;15;22;23;25;30;31;12
265;15/02/2020;2;3;14;16;17;20;27;11
266;18/02/2020;1;3;10;14;17;30;31;12
267;20/02/2020;1;2;6;9;13;20;30;10
268;22/02/2020;2;3;14;16;17;21;29;3
269;26/02/2020;1;4;6;9;26;27;31;6
270;27/02/2020;1;2;3;4;24;27;28;3
271;29/02/2020;7;15;17;20;21;24;29;7
272;03/03/2020;3;5;6;10;12;16;21;2
273;05/03/2020;3;11;12;19;20;26;28;11
274;07/03/2020;2;3;4;6;8;10;30;3
275;10/03/2020;7;10;12;14;24;27;28;11
276;12/03/2020;4;5;15;16;18;27;30;8
277;14/03/2020;2;3;10;13;21;22;31;8
278;17/03/2020;5;8;13;21;22;24;26;9
279;19/03/2020;3;7;10;13;24;25;28;11
280;21/03/2020;2;3;10;13;17;24;28;6
281;24/03/2020;5;7;9;14;24;26;31;5
282;26/03/2020;7;8;16;22;23;25;31;11
283;28/03/2020;2;8;17;20;21;22;24;5
284;31/03/2020;1;3;4;5;18;22;25;8
285;02/04/2020;10;15;17;18;21;22;23;8
286;04/04/2020;4;5;19;23;28;29;30;2
287;07/04/2020;10;14;15;16;18;24;30;10
288;09/04/2020;7;11;16;21;23;28;30;1
289;11/04/2020;2;4;14;17;19;21;30;2
290;14/04/2020;5;12;13;18;21;23;29;2
291;16/04/2020;2;3;5;7;10;17;20;11
292;18/04/2020;1;4;5;19;22;23;24;11
293;20/04/2020;3;7;13;20;25;27;28;11
294;23/04/2020;4;5;10;12;14;19;24;10
295;25/04/2020;1;4;5;9;10;22;30;5
296;28/04/2020;4;6;13;18;21;22;27;3
297;30/04/2020;10;13;14;15;20;23;29;4
298;02/05/2020;3;4;8;9;16;24;31;1
299;05/05/2020;3;14;15;17;20;21;22;4
300;07/05/2020;10;15;16;17;24;25;31;11
301;09/05/2020;11;18;22;27;28;29;30;11
302;12/05/2020;1;4;7;10;15;25;31;1
303;14/05/2020;5;13;15;16;18;25;30;4
304;16/05/2020;1;2;16;23;24;25;30;1
305;19/05/2020;4;8;9;10;20;25;28;8
306;21/05/2020;3;11;12;13;20;24;30;2
307;23/05/2020;4;8;14;15;16;24;27;1
308;26/05/2020;10;11;16;20;21;23;28;1
309;28/05/2020;2;5;10;11;12;18;19;6
310;30/05/2020;6;7;9;10;13;14;21;4
311;02/06/2020;1;3;9;16;17;21;22;4
312;04/06/2020;2;9;15;22;24;29;30;4
313;06/06/2020;9;12;16;19;24;28;29;10
314;09/06/2020;1;7;9;11;22;25;26;11
315;12/06/2020;9;10;19;22;26;27;28;7
316;13/06/2020;1;10;13;14;16;22;30;11
317;16/06/2020;5;7;8;14;15;22;28;2
318;18/06/2020;6;11;14;16;18;28;30;12
319;20/06/2020;3;10;14;17;28;29;30;12
320;23/06/2020;4;9;12;13;15;26;27;11
321;25/06/2020;7;13;21;22;26;29;31;1
322;27/06/2020;4;9;12;19;20;26;28;4
323;30/06/2020;1;9;24;25;27;29;30;8
324;02/07/2020;3;6;14;18;24;27;30;5
325;04/07/2020;7;8;19;20;21;24;26;7
326;07/07/2020;1;10;15;16;22;24;29;8
327;09/07/2020;4;9;13;15;21;23;25;9
328;11/07/2020;11;14;17;20;23;25;27;12
329;14/07/2020;2;6;9;17;18;19;22;3
330;16/07/2020;7;10;11;17;23;24;29;3
331;18/07/2020;7;8;23;26;29;30;31;2
332;21/07/2020;6;8;9;14;15;18;25;8
333;23/07/2020;5;10;13;16;18;20;22;8
334;25/07/2020;3;5;12;14;19;24;28;10
335;28/07/2020;1;3;5;10;13;14;26;4
336;30/07/2020;4;8;11;13;23;26;28;4
337;01/08/2020;1;6;7;20;21;27;30;4
338;04/08/2020;3;8;10;11;14;23;24;6
339;06/08/2020;1;5;9;10;23;24;25;1
340;08/08/2020;4;7;16;17;20;27;28;6
341;11/08/2020;1;5;8;10;11;13;27;8
342;13/08/2020;2;7;8;11;12;20;30;2
343;15/08/2020;1;7;11;25;26;29;31;3
344;18/08/2020;1;2;17;23;24;25;31;4
345;20/08/2020;5;7;8;13;22;26;30;5
346;22/08/2020;14;15;17;21;24;25;31;4
347;25/08/2020;6;8;19;20;22;23;29;9
348;27/08/2020;2;10;18;19;24;26;27;1
349;29/08/2020;2;10;17;25;26;28;29;10
350;01/09/2020;7;16;20;23;24;25;26;11
351;03/09/2020;4;8;9;11;18;19;26;6
352;05/09/2020;5;11;12;15;18;22;26;8
353;08/09/2020;9;16;20;22;24;28;30;7
354;10/09/2020;6;8;20;21;24;28;29;12
355;12/09/2020;4;12;13;16;19;22;31;7
356;15/09/2020;1;2;10;15;22;23;28;3
357;17/09/2020;3;4;6;11;23;24;26;9
358;19/09/2020;3;4;5;15;25;27;29;2
359;22/09/2020;6;9;14;20;21;22;25;12
360;24/09/2020;10;11;13;19;25;27;30;10
361;26/09/2020;1;4;5;12;14;22;27;7
362;29/09/2020;3;7;10;19;29;30;31;5
363;01/10/2020;2;11;12;13;14;18;30;10
364;03/10/2020;3;6;7;12;15;23;28;1
365;06/10/2020;6;11;14;15;17;19;21;1
366;08/10/2020;17;19;23;25;26;29;31;11
367;10/10/2020;6;15;17;22;23;26;29;3
368;13/10/2020;12;20;21;22;24;26;28;6
369;15/10/2020;10;15;16;17;19;21;30;10
370;17/10/2020;4;6;11;15;19;21;22;8
371;20/10/2020;3;11;12;16;24;29;31;9
372;22/10/2020;2;4;19;20;23;26;27;12
373;24/10/2020;5;10;21;25;26;29;31;4
374;27/10/2020;3;8;9;20;21;23;27;3
375;29/10/2020;4;8;9;13;20;23;30;12
376;31/10/2020;7;9;10;13;20;22;25;3
377;03/11/2020;1;11;12;13;17;29;31;10
378;05/11/2020;11;13;18;21;23;25;27;8
379;07/11/2020;3;7;14;21;24;26;27;3
380;10/11/2020;5;15;17;22;26;28;31;6
381;12/11/2020;14;15;16;17;22;24;29;12
382;14/11/2020;10;13;17;20;22;26;28;6
383;17/11/2020;2;9;11;16;22;24;30;3
384;19/11/2020;2;3;6;9;10;15;26;5
385;21/11/2020;4;6;7;14;15;22;31;6
386;24/11/2020;5;10;11;20;22;29;31;9
387;26/11/2020;2;6;15;18;21;22;23;7
388;28/11/2020;2;4;7;9;15;22;26;3
389;01/12/2020;5;16;23;25;27;28;29;8
390;03/12/2020;1;12;17;25;26;28;29;2
391;05/12/2020;5;7;10;11;13;17;23;9
392;08/12/2020;3;4;10;18;22;24;28;10
393;10/12/2020;6;13;19;21;23;27;28;3
394;12/12/2020;1;2;5;8;15;24;25;5
395;15/12/2020;8;14;16;21;25;30;31;8
396;17/12/2020;1;2;14;17;23;25;26;8
397;19/12/2020;7;8;9;10;12;14;30;4
398;22/12/2020;2;3;7;10;20;30;31;8
399;24/12/2020;2;7;15;19;20;23;24;4
400;29/12/2020;6;12;17;19;21;23;31;11
401;31/12/2020;3;4;6;7;10;24;31;9
402;05/01/2021;1;3;5;7;20;22;29;3
403;07/01/2021;4;9;11;25;26;29;30;4
404;09/01/2021;1;2;9;14;16;25;29;11
405;12/01/2021;4;5;7;11;13;18;30;12
406;14/01/2021;1;10;11;15;19;20;22;8
407;16/01/2021;4;5;12;13;16;25;26;2
408;19/01/2021;10;14;17;20;25;27;29;10
409;21/01/2021;10;14;16;24;28;30;31;1
410;23/01/2021;6;12;14;16;18;27;31;9
411;26/01/2021;3;4;8;11;19;26;27;1
412;28/01/2021;4;9;10;12;13;19;21;1
413;30/01/2021;3;6;9;12;16;21;22;3
414;02/02/2021;2;11;17;20;28;30;31;3
415;04/02/2021;4;8;10;14;20;27;29;2
416;06/02/2021;3;8;11;13;23;24;30;10
417;09/02/2021;3;8;11;17;19;21;26;8
418;11/02/2021;7;9;20;23;25;27;31;10
419;13/02/2021;2;3;10;13;17;24;31;9
420;18/02/2021;1;5;9;10;14;16;25;9
421;20/02/2021;6;9;11;14;19;22;25;8
422;23/02/2021;6;7;19;24;27;28;31;6
423;25/02/2021;5;7;9;13;18;21;30;11
424;27/02/2021;1;6;11;13;23;25;31;11
425;02/03/2021;16;18;19;21;26;29;31;6
426;04/03/2021;1;4;14;17;23;24;27;5
427;06/03/2021;2;5;9;10;11;13;24;7
428;09/03/2021;4;6;7;15;17;20;21;3
429;11/03/2021;8;15;17;19;23;27;31;9
430;13/03/2021;2;17;19;20;24;28;31;2
431;16/03/2021;14;20;23;24;26;27;31;11
432;18/03/2021;5;9;12;15;24;27;28;9
433;20/03/2021;1;6;7;19;25;27;31;9
434;23/03/2021;7;12;14;22;24;30;31;9
435;25/03/2021;7;8;14;21;23;26;30;1
436;27/03/2021;4;23;24;25;26;27;31;9
437;30/03/2021;1;14;22;26;27;28;31;2
438;01/04/2021;3;7;10;18;19;22;28;7
439;03/04/2021;1;6;14;19;23;27;28;5
440;06/04/2021;2;8;13;14;17;21;24;5
441;08/04/2021;1;9;14;19;28;29;30;9
442;10/04/2021;5;12;15;18;24;26;30;12
443;13/04/2021;1;6;8;10;11;21;31;4
444;15/04/2021;2;5;6;10;22;26;31;4
445;17/04/2021;1;16;18;21;24;26;30;6
446;20/04/2021;3;5;6;11;16;21;27;12
447;22/04/2021;4;7;9;18;20;26;29;4
448;24/04/2021;4;5;6;15;20;25;29;3
449;27/04/2021;4;6;7;16;22;23;29;10
450;29/04/2021;10;15;19;24;26;27;29;4
451;04/05/2021;7;11;17;19;24;26;30;3
452;06/05/2021;2;10;14;17;20;21;26;2
453;08/05/2021;1;3;8;13;17;21;23;10
454;11/05/2021;3;4;10;11;13;16;17;7
455;13/05/2021;9;12;13;14;21;24;29;8
456;15/05/2021;2;12;18;19;21;22;30;3
457;18/05/2021;4;8;12;14;15;22;29;1
458;20/05/2021;9;10;14;15;22;27;28;9
459;22/05/2021;1;8;10;13;16;27;29;2
460;25/05/2021;7;17;18;20;21;28;31;4
461;27/05/2021;2;8;11;24;25;28;29;1
462;29/05/2021;1;5;6;10;19;21;26;12
463;01/06/2021;5;8;10;16;22;26;30;7
464;05/06/2021;7;10;11;15;21;25;31;4
465;08/06/2021;1;9;20;25;27;30;31;4
466;10/06/2021;2;5;8;13;15;20;25;8
467;12/06/2021;5;6;9;21;22;25;29;5
468;15/06/2021;3;7;8;10;17;24;28;4
469;17/06/2021;5;6;7;8;11;14;26;7
470;19/06/2021;1;12;14;15;16;19;23;10
471;22/06/2021;2;3;11;12;19;24;27;11
472;24/06/2021;5;7;9;10;22;25;29;3
473;26/06/2021;2;9;11;16;20;27;28;7
474;29/06/2021;6;8;9;12;14;17;19;7
475;01/07/2021;10;14;15;18;23;27;29;8
476;03/07/2021;2;5;6;10;23;27;31;10
477;06/07/2021;2;5;8;12;19;23;26;3
478;08/07/2021;3;4;9;27;29;30;31;6
479;10/07/2021;1;5;12;13;15;20;23;4
480;13/07/2021;3;6;10;17;20;28;31;9
481;15/07/2021;4;5;11;14;23;24;31;6
482;17/07/2021;1;8;18;23;25;29;30;2
483;20/07/2021;2;9;11;12;16;23;29;11
484;22/07/2021;1;4;9;14;20;25;26;1
485;24/07/2021;4;20;21;22;23;26;28;11
486;27/07/2021;3;7;12;17;18;22;23;9
487;29/07/2021;2;7;12;19;20;30;31;6
488;31/07/2021;1;4;9;14;15;25;29;1
489;03/08/2021;6;8;17;18;22;24;27;7
490;05/08/2021;6;7;15;21;24;27;31;8
491;07/08/2021;2;3;7;12;23;26;30;6
492;10/08/2021;2;9;10;11;21;22;26;11
493;12/08/2021;6;7;11;12;19;23;30;11
494;14/08/2021;3;8;13;20;25;26;30;1
495;17/08/2021;4;5;11;15;19;22;30;5
496;19/08/2021;1;8;12;16;18;19;23;6
497;21/08/2021;7;8;11;18;19;27;31;12
498;24/08/2021;3;16;18;20;25;30;31;11
499;26/08/2021;8;9;11;12;14;20;21;5
500;28/08/2021;2;7;9;15;22;24;27;9
501;31/08/2021;3;13;18;20;23;24;30;3
502;02/09/2021;1;5;8;18;26;27;31;12
503;04/09/2021;2;3;5;9;15;22;29;6
504;09/09/2021;2;9;10;11;21;30;31;11
505;11/09/2021;2;3;7;8;12;14;29;2
506;14/09/2021;4;6;16;20;26;27;29;5
507;16/09/2021;7;8;14;15;16;17;23;10
508;18/09/2021;2;3;4;8;11;15;25;2
509;21/09/2021;1;3;5;6;15;20;23;5
510;23/09/2021;5;6;16;17;21;27;31;3
511;25/09/2021;7;8;9;17;19;28;29;8
512;28/09/2021;4;5;10;12;13;21;23;6
513;30/09/2021;6;7;15;24;27;29;31;6
514;02/10/2021;1;2;5;8;15;17;18;5
515;05/10/2021;5;7;14;15;18;20;24;3
516;07/10/2021;1;11;15;17;22;26;27;4
517;09/10/2021;10;11;21;22;27;29;30;1
518;14/10/2021;5;10;11;16;18;24;25;11
519;16/10/2021;8;9;12;13;16;19;24;11
520;19/10/2021;11;12;15;21;22;30;31;7
521;21/10/2021;9;13;16;17;22;24;27;5
522;23/10/2021;1;6;7;9;13;16;22;7
523;26/10/2021;3;5;10;15;17;19;23;8
524;28/10/2021;4;7;14;17;19;21;29;8
525;30/10/2021;12;16;17;20;21;22;29;5
526;04/11/2021;5;8;13;26;27;30;31;12
527;06/11/2021;2;9;12;18;24;30;31;2
528;09/11/2021;4;5;9;13;17;18;31;8
529;11/11/2021;8;10;13;16;24;27;29;10
530;13/11/2021;3;11;13;23;26;27;30;3
531;16/11/2021;4;11;15;18;23;26;31;7
532;18/11/2021;3;5;8;16;19;23;30;4
533;20/11/2021;2;3;4;9;13;20;25;7
534;23/11/2021;10;11;14;19;28;30;31;4
535;25/11/2021;2;4;10;11;14;28;30;11
536;27/11/2021;3;5;8;10;12;22;27;1
537;30/11/2021;8;11;13;19;22;24;28;8
538;02/12/2021;8;12;18;19;28;29;31;12
539;04/12/2021;7;12;14;16;23;26;27;3
540;07/12/2021;7;9;10;13;18;21;25;4
541;09/12/2021;1;4;6;8;13;17;31;1
542;11/12/2021;3;6;10;13;15;17;29;7
543;14/12/2021;3;4;6;10;18;20;26;6
544;16/12/2021;2;8;9;11;17;24;28;1
545;18/12/2021;1;6;12;19;21;22;26;3
546;21/12/2021;6;8;17;19;20;21;29;5
547;23/12/2021;2;4;17;18;19;25;31;12
548;28/12/2021;1;7;11;19;21;29;30;4
549;30/12/2021;4;6;8;14;16;23;24;7
550;04/01/2022;5;8;16;18;23;27;28;4
551;06/01/2022;1;4;6;8;12;24;30;2
552;08/01/2022;6;13;14;21;23;27;29;12
553;11/01/2022;6;8;14;19;23;26;30;2
554;13/01/2022;5;9;17;19;20;26;30;6
555;15/01/2022;4;12;15;17;22;24;25;5
556;18/01/2022;3;6;9;17;19;25;28;8
557;20/01/2022;1;7;10;12;20;23;26;9
558;22/01/2022;3;5;11;17;21;26;27;1
559;25/01/2022;9;11;17;18;22;25;30;2
560;27/01/2022;12;14;17;19;27;29;30;11
561;29/01/2022;1;4;16;18;19;21;30;7
562;01/02/2022;2;7;9;14;19;26;29;6
563;03/02/2022;5;10;11;18;27;28;30;4
564;05/02/2022;2;4;11;20;22;24;31;12
565;08/02/2022;1;2;11;13;19;21;24;6
566;10/02/2022;2;7;13;15;18;19;25;2
567;12/02/2022;8;12;19;21;23;25;28;2
568;15/02/2022;1;7;12;14;20;29;31;10
569;17/02/2022;1;2;4;9;17;21;31;4
570;19/02/2022;9;18;20;21;23;24;29;7
571;22/02/2022;9;13;16;18;23;26;31;1
572;24/02/2022;3;7;10;12;14;27;30;12
573;26/02/2022;6;13;22;24;26;29;30;7
574;03/03/2022;11;14;22;23;24;26;29;4
575;05/03/2022;3;4;6;10;12;14;23;4
576;08/03/2022;2;3;6;8;16;25;26;4
577;10/03/2022;4;7;10;14;25;29;30;2
578;12/03/2022;11;13;17;20;21;23;25;6
579;15/03/2022;1;4;6;8;17;22;25;1
580;17/03/2022;9;13;18;19;21;22;25;5
581;19/03/2022;2;8;9;11;16;25;29;11
582;22/03/2022;9;10;17;20;21;22;26;5
583;24/03/2022;3;6;10;15;21;25;29;11
584;26/03/2022;3;10;22;24;26;30;31;1
585;29/03/2022;1;2;7;12;14;17;29;4
586;31/03/2022;1;9;11;22;25;28;31;2
587;02/04/2022;6;10;11;13;19;21;29;8
588;05/04/2022;4;8;9;14;16;19;24;8
589;07/04/2022;2;12;16;17;18;22;23;6
590;09/04/2022;1;5;8;18;19;27;28;8
591;12/04/2022;2;17;19;20;23;25;27;7
592;14/04/2022;4;9;10;12;19;22;26;7
593;16/04/2022;2;9;10;13;18;20;29;12
594;19/04/2022;6;15;16;17;18;27;31;7
595;23/04/2022;4;8;9;19;22;25;31;4
596;26/04/2022;2;5;9;14;25;26;28;3
597;28/04/2022;6;7;10;13;22;24;29;8
598;30/04/2022;7;9;13;15;20;24;25;6
599;03/05/2022;2;3;6;7;17;26;29;11
600;05/05/2022;2;4;9;11;18;24;28;2
601;07/05/2022;9;10;11;12;18;19;25;12
602;10/05/2022;1;6;8;11;15;19;30;11
603;12/05/2022;2;21;22;26;27;28;31;9
604;14/05/2022;6;7;12;18;20;24;28;7
605;17/05/2022;9;10;20;23;27;29;31;12
606;19/05/2022;3;7;13;14;16;17;31;1
607;21/05/2022;9;10;11;17;21;23;26;3
608;24/05/2022;7;8;12;22;26;27;31;6
609;26/05/2022;2;4;9;11;19;30;31;5
610;28/05/2022;2;4;8;16;18;21;29;8
611;31/05/2022;2;3;10;18;23;29;30;1
612;02/06/2022;4;6;10;16;21;25;29;12
613;04/06/2022;5;10;16;22;26;27;28;10
614;07/06/2022;1;3;7;9;16;24;26;10
615;09/06/2022;3;6;11;14;17;28;29;6
616;11/06/2022;6;12;15;26;27;28;31;10
617;14/06/2022;1;6;8;13;15;21;25;11
618;18/06/2022;3;5;13;15;17;18;24;6
619;21/06/2022;2;5;11;13;19;25;27;9
620;23/06/2022;1;4;15;18;22;23;30;2
621;25/06/2022;2;8;12;15;16;19;23;9
622;28/06/2022;4;9;11;22;25;28;29;12
623;30/06/2022;6;10;15;17;20;27;30;11
624;02/07/2022;8;20;21;22;27;29;31;2
625;05/07/2022;2;6;10;12;19;30;31;12
626;07/07/2022;1;4;7;9;11;19;27;2
627;09/07/2022;7;11;14;17;18;21;22;11
628;12/07/2022;5;8;10;16;20;24;31;3
629;14/07/2022;7;9;10;21;24;25;28;1
630;16/07/2022;3;8;11;15;19;20;30;2
631;19/07/2022;6;11;14;18;19;22;29;3
632;21/07/2022;6;10;11;12;14;18;24;1
633;23/07/2022;3;5;9;11;13;20;25;2
634;26/07/2022;3;4;8;16;21;30;31;4
635;28/07/2022;2;8;11;13;15;16;17;8
636;30/07/2022;2;4;7;14;21;27;28;1
637;02/08/2022;3;4;11;14;22;25;31;1
638;04/08/2022;2;3;14;15;19;21;26;12
639;06/08/2022;3;8;12;15;24;25;31;7
640;09/08/2022;3;5;9;13;19;29;30;6
641;11/08/2022;3;7;9;12;15;25;30;6
642;13/08/2022;8;10;11;13;14;24;29;7
643;16/08/2022;2;6;7;10;14;16;26;2
644;18/08/2022;7;8;17;19;20;22;26;1
645;20/08/2022;5;7;11;19;24;29;31;7
646;23/08/2022;1;4;5;13;15;22;24;9
647;25/08/2022;1;6;12;13;27;29;31;6
648;27/08/2022;3;6;9;23;25;28;30;8
649;30/08/2022;4;5;8;14;18;19;30;6
650;01/09/2022;1;4;6;11;14;20;25;3
651;03/09/2022;4;6;11;12;19;22;30;3
652;06/09/2022;8;9;14;19;24;26;30;5
653;08/09/2022;1;3;12;15;22;24;30;11
654;10/09/2022;6;7;8;11;12;14;27;11
655;13/09/2022;4;8;12;20;26;27;31;10
656;15/09/2022;2;8;9;13;19;25;27;10
657;17/09/2022;6;7;16;19;25;28;30;11
658;20/09/2022;9;16;17;23;26;28;31;9
659;22/09/2022;4;5;7;12;20;24;31;6
660;24/09/2022;7;8;9;11;17;23;28;12
661;27/09/2022;2;5;9;14;23;26;29;4
662;29/09/2022;1;5;13;15;23;26;28;5
663;01/10/2022;1;2;3;15;20;30;31;12
664;04/10/2022;3;4;10;16;24;25;27;2
665;06/10/2022;8;10;12;14;15;16;31;11
666;08/10/2022;5;6;8;24;27;28;29;7
667;11/10/2022;4;11;12;20;24;28;29;8
668;13/10/2022;1;5;7;11;17;24;31;10
669;15/10/2022;1;4;11;14;15;22;24;5
670;18/10/2022;10;12;15;17;19;28;30;2
671;20/10/2022;5;15;16;26;29;30;31;3
672;22/10/2022;2;3;7;8;18;29;30;10
673;25/10/2022;7;16;20;22;28;29;31;7
674;27/10/2022;6;12;13;19;28;30;31;2
675;29/10/2022;4;7;8;10;17;20;26;9
676;01/11/2022;6;8;15;23;26;27;31;1
677;03/11/2022;3;8;9;24;28;29;31;5
678;05/11/2022;4;5;13;20;21;26;30;7
679;08/11/2022;1;3;15;16;17;20;31;10
680;10/11/2022;4;5;14;16;20;24;28;3
681;12/11/2022;1;11;12;13;18;27;31;8
682;17/11/2022;15;16;19;20;26;29;30;9
683;19/11/2022;2;6;10;14;17;23;27;11
684;22/11/2022;2;3;12;14;15;22;23;10
685;24/11/2022;4;8;18;21;24;26;30;4
686;26/11/2022;4;13;16;18;19;24;25;8
687;29/11/2022;3;6;7;13;15;18;31;2
688;01/12/2022;2;6;22;25;29;30;31;12
689;03/12/2022;6;7;10;12;23;25;31;7
690;06/12/2022;2;9;12;15;27;29;31;8
691;08/12/2022;3;5;10;13;14;20;29;2
692;10/12/2022;8;9;11;12;23;25;28;10
693;13/12/2022;2;4;7;16;29;30;31;11
694;15/12/2022;6;7;12;23;26;28;31;5
695;17/12/2022;2;6;10;17;21;22;26;1
696;20/12/2022;1;5;9;19;20;24;29;4
697;22/12/2022;6;16;18;20;25;29;31;12
698;24/12/2022;4;11;14;17;18;19;31;10
699;27/12/2022;2;6;7;9;20;26;29;8
700;29/12/2022;6;8;10;11;18;20;22;7
701;31/12/2022;1;2;4;7;13;23;26;4
702;03/01/2023;4;7;14;18;20;25;26;2
703;05/01/2023;1;4;7;11;16;20;24;10
704;07/01/2023;2;4;12;13;16;21;29;9
705;10/01/2023;5;7;9;12;13;22;23;8
706;12/01/2023;17;19;20;24;27;28;31;4
707;14/01/2023;1;15;19;22;23;30;31;12
708;17/01/2023;3;15;17;18;20;29;31;12
709;19/01/2023;1;4;7;9;20;25;31;2
710;21/01/2023;1;4;17;18;22;24;31;11
711;24/01/2023;5;6;11;17;21;26;27;11
712;26/01/2023;2;3;10;11;15;20;27;10
713;28/01/2023;2;4;6;8;12;13;22;11
714;31/01/2023;13;15;19;23;26;27;28;1
715;02/02/2023;1;8;17;18;22;27;31;5
716;04/02/2023;2;4;6;9;17;19;30;7
717;07/02/2023;6;8;19;20;21;23;24;11
718;09/02/2023;11;13;15;18;20;21;22;9
719;11/02/2023;1;8;10;17;26;29;31;11
720;14/02/2023;3;8;10;17;22;23;31;7
721;16/02/2023;3;5;7;14;21;24;29;1
722;18/02/2023;9;13;16;22;23;27;31;6
723;23/02/2023;2;16;20;22;27;28;31;1
724;25/02/2023;8;10;13;17;23;25;27;11
725;28/02/2023;7;13;16;17;20;28;30;2
726;02/03/2023;7;14;20;21;23;27;30;11
727;04/03/2023;3;7;11;20;22;23;24;6
728;07/03/2023;2;12;17;21;26;27;28;10
729;09/03/2023;7;9;17;21;29;30;31;10
730;11/03/2023;2;5;6;12;14;16;28;7
731;14/03/2023;2;7;8;11;13;21;25;1
732;16/03/2023;3;7;10;17;23;26;30;1
733;18/03/2023;4;12;15;16;22;25;27;7
734;21/03/2023;7;9;11;19;21;24;30;4
735;23/03/2023;3;5;6;8;12;18;31;10
736;25/03/2023;5;10;11;12;18;23;29;2
737;28/03/2023;13;16;20;21;25;27;28;11
738;30/03/2023;3;6;10;19;21;27;30;9
739;01/04/2023;9;11;16;19;22;28;30;6
740;04/04/2023;6;12;13;17;18;28;31;10
741;06/04/2023;3;6;11;15;20;23;26;11
742;08/04/2023;3;5;11;13;17;22;29;7
743;11/04/2023;2;3;4;6;7;10;16;1
744;13/04/2023;3;5;20;22;23;25;31;7
745;15/04/2023;1;6;7;8;17;20;31;4
746;18/04/2023;10;12;14;17;19;20;30;2
747;20/04/2023;3;5;8;10;21;22;24;9
748;22/04/2023;5;11;16;18;19;23;25;7
749;25/04/2023;8;10;11;26;27;29;31;4
750;27/04/2023;4;10;12;15;16;17;30;9
751;29/04/2023;4;5;9;13;23;29;31;2
752;02/05/2023;4;5;11;14;16;17;21;3
753;04/05/2023;5;6;9;10;18;28;31;6
754;06/05/2023;13;19;23;24;26;27;30;2
755;09/05/2023;3;4;10;12;17;20;22;12
756;11/05/2023;4;8;12;17;19;26;31;3
757;13/05/2023;6;7;14;17;18;28;31;5
758;16/05/2023;2;3;7;20;22;26;31;7
759;18/05/2023;9;11;12;18;23;25;30;11
760;20/05/2023;1;8;9;16;17;28;31;12
761;23/05/2023;6;9;10;17;22;25;31;6
762;25/05/2023;4;11;13;17;22;30;31;3
763;27/05/2023;4;5;7;12;18;23;25;12
764;30/05/2023;7;9;17;19;23;24;30;6
765;01/06/2023;5;15;22;23;28;29;31;10
766;03/06/2023;10;11;16;17;18;21;31;9
767;06/06/2023;4;10;11;16;22;24;29;12
768;09/06/2023;2;13;17;18;24;27;29;4
769;10/06/2023;2;4;6;7;13;14;29;3
770;13/06/2023;8;12;15;27;28;29;30;10
771;15/06/2023;6;13;19;20;26;27;28;2
772;17/06/2023;2;7;9;10;17;26;27;6
773;20/06/2023;7;8;11;12;22;26;27;5
774;22/06/2023;4;6;16;18;19;27;30;5
775;24/06/2023;8;14;17;19;21;24;30;12
776;27/06/2023;11;13;16;17;18;20;31;6
777;29/06/2023;2;5;12;14;25;30;31;2
778;01/07/2023;2;6;9;10;11;16;30;12
779;04/07/2023;14;16;21;22;26;29;31;11
780;06/07/2023;3;8;11;15;19;27;29;11
781;08/07/2023;5;7;11;12;13;14;18;6
782;11/07/2023;4;5;8;9;11;21;25;9
783;13/07/2023;4;11;12;16;19;21;23;11
784;15/07/2023;2;4;11;12;14;17;20;2
785;18/07/2023;3;9;15;16;20;21;25;3
786;20/07/2023;1;6;8;13;14;17;21;10
787;22/07/2023;3;15;18;23;25;29;30;8
788;25/07/2023;3;6;11;21;23;27;28;5
789;27/07/2023;1;3;4;11;15;19;28;3
790;29/07/2023;1;2;7;13;18;21;24;7
791;01/08/2023;1;3;10;12;17;23;24;11
792;03/08/2023;5;6;11;13;17;19;23;2
793;05/08/2023;2;4;5;20;22;29;30;7
794;08/08/2023;7;12;14;15;21;25;29;8
795;10/08/2023;14;15;17;18;19;24;28;6
796;12/08/2023;1;5;9;17;20;21;31;2
797;15/08/2023;1;7;9;13;18;27;31;4
798;17/08/2023;1;6;18;21;24;25;30;5
799;19/08/2023;10;11;13;20;22;25;26;8
800;22/08/2023;6;8;10;11;15;21;28;4
801;24/08/2023;1;9;14;18;23;24;31;11
802;26/08/2023;1;7;9;10;14;25;30;3
803;29/08/2023;4;6;19;22;23;24;26;7
804;31/08/2023;1;9;13;25;26;27;29;8
805;02/09/2023;7;11;17;19;25;27;28;2
806;05/09/2023;2;10;11;13;16;19;27;6
807;08/09/2023;1;2;8;9;14;16;29;5
808;09/09/2023;5;6;7;8;9;12;18;1
809;12/09/2023;5;13;14;20;21;29;30;7
810;14/09/2023;2;5;7;15;21;27;29;4
811;16/09/2023;4;5;16;17;19;25;26;9
812;19/09/2023;12;16;17;18;19;25;27;9
813;21/09/2023;4;8;9;11;13;15;22;10
814;23/09/2023;2;3;4;6;8;25;29;9
815;26/09/2023;1;3;5;8;24;25;26;9
816;28/09/2023;8;11;14;16;18;21;23;7
817;30/09/2023;3;17;23;24;25;27;29;2
818;03/10/2023;1;4;5;7;21;22;27;5
819;05/10/2023;2;4;6;19;24;27;28;8
820;07/10/2023;6;7;8;15;16;17;31;9
821;10/10/2023;3;4;12;20;23;29;31;8
822;13/10/2023;2;3;17;18;22;23;28;4
823;14/10/2023;2;4;19;20;23;24;28;11
824;17/10/2023;8;10;11;21;25;28;29;8
825;19/10/2023;4;9;10;18;19;26;31;10
826;21/10/2023;5;8;15;16;17;24;29;2
827;24/10/2023;8;9;18;19;25;26;27;7
828;26/10/2023;1;2;8;11;12;17;21;5
829;28/10/2023;3;14;16;18;24;26;29;2
830;31/10/2023;7;8;11;15;21;25;29;10
831;03/11/2023;2;7;17;20;23;25;26;8
832;04/11/2023;5;11;13;15;19;20;22;5
833;07/11/2023;9;10;13;16;20;23;30;5
834;09/11/2023;1;3;10;13;15;18;27;6
835;11/11/2023;1;2;6;10;21;24;29;4
836;14/11/2023;9;11;13;15;18;20;24;1
837;16/11/2023;1;5;6;13;20;24;30;7
838;18/11/2023;4;18;19;21;24;27;31;11
839;21/11/2023;1;2;8;10;13;20;26;6
840;23/11/2023;2;5;6;13;18;24;25;3
841;25/11/2023;1;3;4;6;14;16;26;1
842;28/11/2023;4;10;17;18;21;27;31;1
843;30/11/2023;3;4;6;17;18;19;20;8
844;02/12/2023;6;13;16;19;20;21;31;11
845;05/12/2023;10;11;12;16;17;20;26;6
846;07/12/2023;7;18;20;21;25;26;29;10
847;09/12/2023;5;18;20;24;26;27;31;12
848;12/12/2023;3;7;14;19;21;22;29;8
849;14/12/2023;3;7;12;14;17;21;27;2
850;16/12/2023;9;18;20;25;26;30;31;8
851;19/12/2023;4;12;14;15;23;24;25;10
852;21/12/2023;2;7;9;10;13;15;22;6
853;23/12/2023;1;2;10;16;24;25;27;7
854;26/12/2023;7;14;16;17;18;23;24;1
855;28/12/2023;6;7;15;20;22;26;30;1
856;30/12/2023;1;5;8;22;24;28;29;6
857;02/01/2024;5;8;10;12;18;29;30;3
858;04/01/2024;1;14;23;25;26;27;28;4
859;06/01/2024;3;5;6;11;18;22;31;2
860;09/01/2024;5;6;14;15;27;28;30;5
861;11/01/2024;8;11;15;16;20;25;30;11
862;13/01/2024;3;5;8;12;20;23;27;1
863;16/01/2024;1;2;9;17;19;20;22;2
864;18/01/2024;2;8;9;12;22;23;28;11
865;20/01/2024;2;7;8;13;18;24;30;9
866;23/01/2024;5;8;10;14;21;24;31;6
867;25/01/2024;7;12;22;24;25;26;30;11
868;27/01/2024;2;5;9;11;12;20;23;11
869;30/01/2024;8;11;14;20;22;25;27;2
870;01/02/2024;1;4;10;17;24;25;29;12
871;03/02/2024;2;3;4;7;11;25;29;1
872;06/02/2024;6;8;17;18;24;26;30;8
873;08/02/2024;3;6;7;9;17;23;25;3
874;10/02/2024;9;11;16;18;23;27;28;12
875;15/02/2024;4;5;13;18;19;21;24;4
876;17/02/2024;4;6;12;19;24;25;29;4
877;20/02/2024;4;9;10;11;13;19;21;12
878;22/02/2024;1;5;9;10;22;24;25;3
879;24/02/2024;3;4;5;7;15;24;26;4
880;27/02/2024;1;2;5;6;9;23;29;5
881;29/02/2024;2;6;9;10;17;25;27;10
882;02/03/2024;7;8;11;14;27;30;31;11
883;05/03/2024;6;9;15;18;20;24;30;11
884;07/03/2024;5;10;14;18;24;26;29;5
885;09/03/2024;3;12;16;17;20;27;30;6
886;12/03/2024;1;6;8;11;15;18;22;7
887;14/03/2024;5;12;13;18;21;28;29;7
888;16/03/2024;8;14;17;18;21;22;27;7
889;19/03/2024;3;4;7;14;18;20;31;1
890;21/03/2024;7;9;15;19;25;27;30;4
891;23/03/2024;1;4;10;11;14;28;30;6
892;26/03/2024;6;7;14;15;20;21;27;6
893;28/03/2024;4;6;9;16;27;28;31;5
894;30/03/2024;7;9;11;16;18;19;21;5
895;02/04/2024;1;2;7;11;14;15;30;10
896;04/04/2024;2;7;10;11;24;25;28;10
897;06/04/2024;6;9;15;18;19;20;21;3
898;09/04/2024;2;4;7;8;11;21;22;10
899;11/04/2024;5;6;8;18;23;24;29;4
900;13/04/2024;6;9;10;13;14;16;22;9
901;16/04/2024;2;4;10;14;16;22;29;11
902;18/04/2024;3;11;13;14;18;21;27;2
903;20/04/2024;2;4;5;10;11;15;23;2
904;23/04/2024;2;4;5;11;16;25;27;12
905;25/04/2024;3;6;11;12;13;20;29;4
906;27/04/2024;2;10;12;13;22;29;31;4
907;30/04/2024;2;3;7;10;13;15;21;3
908;02/05/2024;10;13;14;17;18;20;31;9
909;04/05/2024;6;7;8;25;26;30;31;7
910;07/05/2024;1;7;15;17;26;27;28;2
911;09/05/2024;1;2;10;13;25;29;30;12
912;11/05/2024;4;10;11;14;15;20;31;12
913;14/05/2024;8;12;14;17;19;26;27;4
914;16/05/2024;1;3;9;14;22;23;29;11
915;18/05/2024;2;5;22;24;25;27;30;10
916;21/05/2024;2;4;6;14;17;25;28;6
917;23/05/2024;1;14;18;19;20;21;27;3
918;25/05/2024;2;10;12;13;15;25;29;6
919;28/05/2024;3;10;17;20;24;26;28;9
920;01/06/2024;11;13;20;21;23;24;27;5
921;04/06/2024;7;11;12;19;20;21;23;9
922;06/06/2024;7;8;13;17;26;27;28;9
923;08/06/2024;5;9;10;11;17;21;26;10
924;11/06/2024;3;10;11;12;19;28;31;11
925;13/06/2024;3;4;10;12;16;18;26;9
926;15/06/2024;7;8;18;19;23;24;27;11
927;18/06/2024;2;3;7;11;15;19;24;4
928;20/06/2024;1;13;15;23;24;28;29;10
929;22/06/2024;2;4;5;12;16;26;27;1
930;25/06/2024;1;5;10;18;22;24;29;11
931;27/06/2024;3;11;18;20;26;28;30;1
932;29/06/2024;1;6;13;20;23;25;27;5
933;02/07/2024;13;23;24;25;28;29;31;6
934;04/07/2024;1;4;16;18;23;28;30;5
935;06/07/2024;4;6;11;17;24;27;28;11
936;09/07/2024;18;20;23;24;25;26;31;12
937;11/07/2024;5;9;10;14;20;23;27;2
938;13/07/2024;4;8;19;20;21;24;29;6
939;16/07/2024;1;4;7;11;12;13;20;9
940;18/07/2024;1;5;6;10;15;19;23;8
941;20/07/2024;6;7;10;11;13;28;29;2
942;23/07/2024;3;4;8;9;15;20;23;10
943;25/07/2024;7;8;15;16;20;26;27;11
944;27/07/2024;4;9;10;28;29;30;31;1
945;30/07/2024;3;6;14;15;23;26;29;7
946;01/08/2024;4;5;9;14;25;27;28;2
947;03/08/2024;4;10;11;12;13;15;25;7
948;06/08/2024;5;10;20;22;23;30;31;6
949;08/08/2024;1;5;6;8;15;16;25;8
950;10/08/2024;5;8;11;19;25;30;31;5
951;13/08/2024;3;5;12;18;19;24;30;12
952;15/08/2024;1;8;10;16;20;22;27;7
953;17/08/2024;9;13;14;15;16;20;31;11
954;20/08/2024;3;9;10;14;19;24;29;5
955;22/08/2024;4;9;17;18;23;27;28;2
956;24/08/2024;6;10;13;15;16;21;29;12
957;27/08/2024;11;14;16;21;23;24;27;6
958;29/08/2024;7;9;11;13;15;16;26;2
959;31/08/2024;1;5;7;8;9;19;22;9
960;03/09/2024;1;5;13;19;20;22;30;5
961;05/09/2024;3;6;8;9;17;30;31;12
962;10/09/2024;5;13;16;17;26;28;29;12
963;12/09/2024;2;3;6;20;21;27;31;5
964;14/09/2024;2;7;11;17;19;28;31;6
965;17/09/2024;2;7;13;16;21;24;29;11
966;19/09/2024;4;8;9;14;17;18;25;4
967;21/09/2024;6;8;9;12;14;27;31;7
968;24/09/2024;4;9;14;18;23;26;28;3
969;26/09/2024;2;8;9;10;18;21;25;10
970;28/09/2024;7;10;12;15;19;20;25;1
971;01/10/2024;1;4;5;9;16;18;29;11
972;03/10/2024;4;6;17;19;27;30;31;3
973;05/10/2024;4;6;17;18;20;25;26;3
974;08/10/2024;2;3;7;8;9;11;20;7
975;10/10/2024;1;8;18;24;25;27;31;8
976;15/10/2024;1;9;11;14;16;22;25;3
977;17/10/2024;4;5;15;17;22;26;29;8
978;19/10/2024;1;2;4;12;17;27;28;3
979;22/10/2024;6;10;12;13;16;20;23;5
980;24/10/2024;8;13;20;21;25;26;31;10
981;26/10/2024;1;2;4;8;10;12;28;12
982;29/10/2024;4;5;13;16;23;25;28;4
983;31/10/2024;1;3;5;6;8;17;19;4
984;05/11/2024;11;14;15;20;22;25;26;5
985;07/11/2024;7;12;18;20;21;28;31;2
986;09/11/2024;1;3;5;14;20;24;26;11
987;12/11/2024;5;7;17;21;27;30;31;4
988;14/11/2024;6;13;14;23;25;28;30;10
989;16/11/2024;3;10;23;24;25;26;31;6
990;19/11/2024;2;6;11;14;16;23;26;8
991;21/11/2024;6;12;15;21;25;28;30;1
992;23/11/2024;2;7;10;24;27;28;29;6
993;26/11/2024;8;10;12;13;14;17;18;8
994;28/11/2024;1;6;7;13;19;26;29;12
995;30/11/2024;5;6;8;10;16;18;29;10
996;03/12/2024;1;5;6;7;12;17;25;4
997;05/12/2024;2;3;7;17;19;21;29;10
998;07/12/2024;2;6;10;11;21;26;30;6
999;10/12/2024;3;6;15;16;18;23;30;12
1000;12/12/2024;4;13;16;18;22;27;28;2
1001;14/12/2024;3;10;11;15;16;20;27;1
1002;17/12/2024;4;5;10;12;17;24;29;8
1003;19/12/2024;4;8;11;18;20;23;24;6
1004;21/12/2024;2;10;13;19;20;27;30;1
1005;24/12/2024;5;10;11;12;14;17;24;3
1006;26/12/2024;3;9;17;20;21;24;27;12
1007;28/12/2024;1;6;13;19;27;28;31;1
1008;31/12/2024;1;3;15;16;17;20;29;2
1009;02/01/2025;4;10;17;19;21;22;30;5
1010;04/01/2025;2;21;22;23;26;27;31;12
1011;07/01/2025;4;8;10;13;20;21;28;2
1012;09/01/2025;6;7;8;9;13;16;19;10
1013;11/01/2025;5;8;10;11;16;29;30;8
1014;14/01/2025;1;2;9;18;21;26;30;5
1015;16/01/2025;4;8;14;20;21;23;27;10
1016;18/01/2025;1;8;17;24;27;29;31;3
1017;21/01/2025;5;12;16;18;22;24;29;8
1018;23/01/2025;9;11;21;24;26;30;31;5
1019;25/01/2025;2;3;12;15;16;17;20;11
1020;28/01/2025;5;14;17;20;22;26;27;11
1021;30/01/2025;1;2;4;8;23;26;28;12
1022;01/02/2025;4;5;7;11;12;13;29;2
1023;04/02/2025;4;9;12;15;17;29;31;11
1024;06/02/2025;4;5;9;10;12;13;25;3
1025;08/02/2025;2;9;10;12;29;30;31;3
1026;11/02/2025;7;8;16;24;28;30;31;10
1027;13/02/2025;6;8;14;17;20;29;31;6
1028;15/02/2025;8;14;23;24;26;28;30;5
1029;18/02/2025;3;15;17;20;21;24;31;7
1030;20/02/2025;3;4;7;9;10;27;28;11
1031;22/02/2025;4;5;14;18;24;27;31;4
1032;25/02/2025;5;6;8;9;12;23;31;6
1033;27/02/2025;2;11;15;16;20;24;29;2
1034;01/03/2025;5;7;8;15;21;23;26;2
1035;06/03/2025;7;9;10;14;21;23;28;11
1036;08/03/2025;2;10;12;14;15;20;21;7
1037;11/03/2025;2;5;12;19;25;28;30;3
1038;13/03/2025;9;11;14;19;21;26;31;8
1039;15/03/2025;1;5;7;10;19;21;22;9
1040;18/03/2025;1;4;6;21;24;27;30;4
1041;20/03/2025;6;9;10;14;20;22;23;11
1042;22/03/2025;6;8;16;27;28;29;31;5
1043;25/03/2025;3;7;8;9;12;18;29;4
1044;27/03/2025;3;12;14;18;24;27;28;5
1045;29/03/2025;1;12;15;20;22;28;29;10
1046;01/04/2025;3;4;7;13;16;18;28;10
1047;03/04/2025;4;7;13;15;17;18;19;2
1048;05/04/2025;10;11;15;23;29;30;31;1
1049;08/04/2025;4;16;19;24;26;27;29;7
1050;10/04/2025;5;9;18;20;21;30;31;3
1051;12/04/2025;3;6;8;15;18;29;30;1
1052;15/04/2025;10;16;18;20;22;25;30;5
1053;17/04/2025;4;7;9;12;23;25;30;3
1054;19/04/2025;4;15;17;19;23;27;30;6
1055;22/04/2025;4;5;6;13;15;20;22;4
1056;24/04/2025;2;3;5;11;12;20;29;9
1057;26/04/2025;6;9;16;18;28;29;30;5
1058;29/04/2025;1;6;15;16;19;21;25;7
1059;03/05/2025;1;4;10;12;17;21;27;4
1060;06/05/2025;2;10;11;15;25;26;30;1
1061;08/05/2025;2;13;14;17;18;19;25;9
1062;10/05/2025;3;5;10;13;23;28;31;4
1063;13/05/2025;5;7;8;19;21;23;25;9
1064;15/05/2025;9;10;19;22;24;28;31;8
1065;17/05/2025;10;11;14;15;22;28;29;12
1066;20/05/2025;5;7;16;17;20;24;30;3
1067;22/05/2025;1;2;11;16;18;19;27;5
1068;24/05/2025;7;10;11;17;20;24;28;9
1069;27/05/2025;7;8;14;15;22;26;30;3
1070;29/05/2025;3;13;14;17;20;29;30;1
1071;31/05/2025;2;3;4;19;25;26;28;4
1072;03/06/2025;2;4;5;9;14;23;26;4
1073;05/06/2025;7;14;17;21;26;27;29;12
1074;07/06/2025;11;13;14;16;22;25;27;7
1075;10/06/2025;8;15;20;21;22;25;26;4
1076;12/06/2025;1;3;7;10;23;27;31;11
1077;14/06/2025;2;3;4;13;19;20;24;7
1078;17/06/2025;15;18;25;27;29;30;31;11
1079;21/06/2025;1;5;6;19;26;29;31;2
1080;24/06/2025;1;7;9;17;20;21;27;10
1081;26/06/2025;5;9;14;22;23;26;29;11
1082;28/06/2025;5;10;12;13;14;26;27;3
1083;01/07/2025;3;10;16;19;21;23;26;2
1084;03/07/2025;6;9;17;18;20;24;31;3
1085;05/07/2025;8;9;10;13;19;27;31;8
1086;08/07/2025;14;16;21;23;24;29;31;2
1087;10/07/2025;5;8;22;24;25;26;29;4
1088;12/07/2025;6;7;11;19;24;25;27;12
1089;15/07/2025;7;13;14;15;21;22;30;8
1090;17/07/2025;4;9;10;19;20;24;29;5
1091;19/07/2025;1;6;7;12;19;21;22;7
1092;22/07/2025;1;8;12;17;20;24;31;8
1093;24/07/2025;9;12;13;14;15;17;21;5
1094;26/07/2025;3;7;8;14;19;26;28;9
1095;29/07/2025;1;5;8;12;22;25;26;7
1096;31/07/2025;3;8;18;19;24;30;31;6
1097;02/08/2025;7;14;16;17;27;29;30;10
1098;05/08/2025;4;6;12;20;27;30;31;10
1099;07/08/2025;1;3;4;8;13;23;25;1
1100;09/08/2025;7;12;20;22;24;27;30;10
1101;12/08/2025;3;13;14;19;22;24;26;4
1102;14/08/2025;2;7;10;13;15;22;28;6
1103;16/08/2025;1;8;14;15;19;24;28;9
1104;19/08/2025;4;9;11;12;14;18;23;1
1105;21/08/2025;16;19;20;21;22;26;31;2
1106;23/08/2025;10;12;13;17;19;25;26;2
1107;26/08/2025;3;18;20;21;23;28;29;4
1108;28/08/2025;4;9;17;21;23;24;29;7
1109;30/08/2025;3;6;11;15;19;28;29;10
1110;02/09/2025;1;4;12;15;16;22;25;9
1111;04/09/2025;6;8;9;11;13;15;30;7
1112;06/09/2025;2;3;6;13;19;20;24;7
1113;09/09/2025;3;5;20;24;25;26;30;2
1114;11/09/2025;4;8;12;17;24;27;29;11
1115;13/09/2025;6;7;11;15;22;25;31;12
1116;16/09/2025;1;4;11;19;21;22;25;10
1117;18/09/2025;3;10;11;12;13;14;30;6
1118;20/09/2025;3;8;9;16;17;26;30;3
1119;23/09/2025;3;4;14;15;20;22;28;5
1120;25/09/2025;3;6;8;11;23;24;28;6
1121;27/09/2025;2;16;17;23;24;26;30;8
1122;30/09/2025;6;10;15;20;25;28;30;11
1123;02/10/2025;2;5;9;10;12;23;28;5
1124;04/10/2025;2;18;24;27;28;30;31;7
1125;07/10/2025;1;2;7;11;14;21;27;4
1126;09/10/2025;3;4;15;18;19;21;25;7
1127;11/10/2025;6;7;11;19;25;28;31;3
1128;14/10/2025;9;10;16;17;19;20;24;4
1129;16/10/2025;4;5;7;10;16;25;31;7
1130;18/10/2025;4;7;10;12;14;27;30;11
1131;21/10/2025;6;7;11;12;13;20;26;7
1132;23/10/2025;4;6;13;17;23;26;29;1
1133;25/10/2025;4;8;10;12;20;21;26;4
1134;28/10/2025;2;10;14;20;24;28;31;8
1135;30/10/2025;7;9;13;19;25;29;30;3
1136;01/11/2025;5;6;17;19;24;25;30;9
1137;04/11/2025;7;12;13;14;20;22;26;4
1138;06/11/2025;9;10;16;21;26;27;31;3
1139;08/11/2025;1;5;17;19;28;29;30;12
1140;11/11/2025;1;7;14;15;20;27;30;9
1141;13/11/2025;1;9;10;14;16;22;26;5
1142;18/11/2025;20;22;23;24;28;30;31;5
1143;22/11/2025;7;8;11;13;16;20;31;12
1144;25/11/2025;3;5;11;13;23;24;26;3
1145;27/11/2025;4;9;12;14;16;22;27;9
1146;29/11/2025;2;4;6;8;18;29;31;5
1147;02/12/2025;10;13;20;21;23;24;30;10
1148;04/12/2025;5;6;15;16;17;20;23;5
1149;06/12/2025;1;9;10;17;22;27;30;2
1150;09/12/2025;6;8;10;11;18;26;30;6
1151;11/12/2025;3;6;18;21;22;24;31;6
1152;13/12/2025;10;12;14;16;18;22;24;2
1153;16/12/2025;15;16;18;19;21;23;27;7
1154;18/12/2025;1;3;5;8;15;16;24;5
1155;20/12/2025;2;7;8;13;14;19;28;10
1156;23/12/2025;7;12;13;15;19;25;31;9
1157;27/12/2025;1;3;7;10;17;28;31;7
1158;30/12/2025;6;9;14;15;26;27;30;1
1159;03/01/2026;6;11;12;16;26;28;31;8
1160;06/01/2026;10;12;14;16;18;30;31;7
1161;08/01/2026;3;5;6;15;22;23;26;7
1162;10/01/2026;1;2;8;9;17;18;19;5
1163;13/01/2026;2;4;5;12;16;18;21;12
1164;15/01/2026;6;7;20;21;22;23;27;1
1165;17/01/2026;2;11;13;16;17;23;25;12
1166;20/01/2026;1;7;8;15;16;24;31;4
1167;22/01/2026;6;12;13;27;29;30;31;3
1168;24/01/2026;1;3;7;14;16;23;30;3
1169;27/01/2026;3;8;9;14;18;21;24;12
1170;29/01/2026;2;12;13;24;28;29;30;3
1171;31/01/2026;1;3;7;9;13;25;28;7
1172;03/02/2026;6;12;16;20;21;28;29;10
1173;05/02/2026;6;8;13;19;22;24;26;11
1174;07/02/2026;2;8;15;22;23;25;30;10
1175;10/02/2026;8;12;13;21;22;28;29;10
1176;12/02/2026;5;6;12;24;29;30;31;9
1177;14/02/2026;3;5;6;8;9;11;17;5
1178;19/02/2026;2;3;5;6;7;9;19;11
1179;21/02/2026;3;7;14;17;21;27;29;11
1180;24/02/2026;12;15;20;25;28;30;31;3
1181;26/02/2026;3;4;6;8;16;27;31;9
1182;28/02/2026;9;15;18;19;22;24;30;3
1183;03/03/2026;3;6;7;20;21;25;30;2
1184;05/03/2026;1;10;13;16;17;24;25;8
1185;07/03/2026;1;5;8;15;22;25;31;3
1186;10/03/2026;4;10;14;17;19;20;26;4
1187;12/03/2026;3;6;11;13;18;26;31;9
1188;14/03/2026;4;6;11;14;21;25;27;11
1189;17/03/2026;1;2;7;12;19;23;28;5
1190;19/03/2026;5;10;14;18;19;24;26;9
1191;21/03/2026;9;12;13;17;18;29;30;10
1192;24/03/2026;10;11;12;16;21;22;24;10
1193;26/03/2026;1;4;11;18;21;23;27;4
1194;28/03/2026;7;8;10;19;24;25;28;2
1195;31/03/2026;5;11;14;15;19;26;27;1
1196;02/04/2026;7;12;17;19;21;22;24;5
1197;04/04/2026;4;10;11;19;20;25;26;7
1198;07/04/2026;2;6;13;15;20;27;31;6
1199;09/04/2026;1;4;12;21;24;26;28;5
1200;11/04/2026;1;15;16;21;24;25;27;5
1201;14/04/2026;1;6;10;12;14;20;31;3
1202;16/04/2026;5;8;9;11;26;28;31;11
1203;18/04/2026;5;9;16;19;22;23;30;12
1204;23/04/2026;11;12;13;17;20;23;29;9
1205;25/04/2026;5;8;10;17;19;27;29;3
1206;28/04/2026;2;8;10;11;18;27;29;12
1207;30/04/2026;1;15;19;23;26;28;29;9
1208;02/05/2026;5;21;22;23;24;26;31;10
1209;05/05/2026;8;9;10;12;15;27;28;3
1210;07/05/2026;9;11;12;17;20;23;24;11
1211;09/05/2026;3;4;9;14;18;23;30;8
1212;12/05/2026;1;2;8;18;21;22;23;7
1213;14/05/2026;7;12;13;15;24;26;30;2
1214;16/05/2026;2;3;19;20;21;28;30;12
1215;19/05/2026;5;6;9;10;14;21;23;5
1216;21/05/2026;2;3;9;14;24;28;31;4
1217;23/05/2026;7;8;10;11;22;24;26;10
1218;26/05/2026;4;5;9;11;12;16;30;2
1219;28/05/2026;1;2;7;18;20;24;29;2
1220;30/05/2026;4;5;9;11;20;26;28;8
1221;02/06/2026;16;17;21;23;27;29;30;11
1222;06/06/2026;6;10;11;20;21;24;30;10
1223;09/06/2026;9;13;14;21;22;29;30;12
1224;11/06/2026;2;7;15;16;22;27;28;6
1225;14/06/2026;4;5;6;9;11;25;27;8
1226;16/06/2026;2;14;15;16;19;20;29;5
1227;18/06/2026;3;9;10;21;22;28;31;5
1228;20/06/2026;4;5;6;13;14;15;30;5
1229;23/06/2026;1;11;12;18;27;28;31;10
1230;25/06/2026;1;2;8;10;17;18;27;7
1231;27/06/2026;4;5;15;17;18;28;29;2
1232;29/06/2026;5;7;8;12;13;22;31;3
1233;30/06/2026;1;3;10;14;17;18;19;12
1234;01/07/2026;3;6;7;9;16;17;29;10
1235;02/07/2026;7;15;16;18;20;22;31;11
1236;03/07/2026;3;6;8;11;13;15;26;1
1237;04/07/2026;1;2;6;10;11;12;18;2
1238;06/07/2026;2;9;10;13;19;26;27;4
1239;07/07/2026;4;8;11;14;22;24;31;4
1240;08/07/2026;4;12;17;20;21;24;29;8
1241;09/07/2026;4;6;9;27;28;30;31;2
1242;10/07/2026;6;7;9;12;14;28;29;5
1243;11/07/2026;6;11;18;25;26;29;30;9
1244;13/07/2026;1;3;5;12;15;20;25;6
1245;14/07/2026;8;10;13;22;25;27;31;3
1246;15/07/2026;1;8;9;17;19;21;22;10
1247;16/07/2026;12;16;20;21;24;26;30;12
1248;17/07/2026;6;8;11;20;22;25;26;2
1249;19/07/2026;2;17;20;26;27;29;31;5
1250;20/07/2026;6;14;19;20;21;28;31;6
1251;21/07/2026;1;4;6;9;12;19;25;7
1252;22/07/2026;3;4;7;14;20;22;28;6
1253;23/07/2026;2;7;13;20;23;25;28;9
1254;24/07/2026;2;13;15;16;20;23;28;11
1255;26/07/2026;5;6;14;20;25;28;31;11
1256;27/07/2026;2;8;13;19;23;27;29;8
1257;28/07/2026;4;5;9;16;20;26;29;6
1258;29/07/2026;1;6;12;14;23;26;27;7
1259;30/07/2026;1;3;7;15;18;27;28;4
1260;31/07/2026;2;3;9;11;15;21;30;4
1261;02/08/2026;1;8;14;19;24;27;28;10
1262;03/08/2026;3;6;13;15;18;24;26;1
1263;04/08/2026;3;4;7;8;9;14;17;12
1264;05/08/2026;4;7;14;16;19;20;22;6
1265;06/08/2026;1;4;6;11;12;14;18;5
1266;07/08/2026;4;7;10;11;23;25;28;5
1267;09/08/2026;2;5;15;18;24;28;31;8
1268;10/08/2026;8;12;19;22;23;26;28;10
1269;11/08/2026;6;13;16;21;25;28;29;4
1270;12/08/2026;6;14;16;18;20;23;30;4
1271;13/08/2026;5;7;12;24;29;30;31;10
1272;14/08/2026;1;2;5;11;18;20;23;5
1273;16/08/2026;7;8;15;17;20;23;26;10
1274;17/08/2026;8;9;15;16;22;23;24;2
1275;18/08/2026;5;10;21;23;25;29;30;7
1276;19/08/2026;6;13;15;21;22;23;28;6
1277;20/08/2026;1;4;8;11;16;21;29;10
1278;21/08/2026;1;3;4;10;12;24;30;6
1279;23/08/2026;1;3;4;14;15;30;31;1
1280;24/08/2026;5;10;17;22;25;28;30;2
1281;25/08/2026;1;2;18;20;21;28;31;4
1282;26/08/2026;7;11;15;20;22;23;29;6
1283;27/08/2026;4;8;11;19;24;27;30;5
1284;28/08/2026;4;5;8;14;22;25;30;4
1285;30/08/2026;4;5;6;10;12;15;17;4
1286;31/08/2026;2;4;8;10;12;17;23;11
1287;01/09/2026;3;6;16;18;26;27;29;11
1288;02/09/2026;2;4;6;7;9;16;24;7
1289;03/09/2026;1;3;6;8;20;26;30;2
1290;04/09/2026;10;13;14;20;23;24;26;11
1291;06/09/2026;4;6;11;13;19;21;27;4
1292;08/09/2026;1;6;9;11;12;22;26;5
1293;09/09/2026;6;11;12;14;22;26;28;11
1294;10/09/2026;1;2;3;6;19;29;30;2
