Concurso;Data Sorteio;Coluna 1;Coluna 2;Coluna 3;Coluna 4;Coluna 5;Coluna 6;Coluna 7;;;;;;;;;;;;;;;;;;;;;;;;
1;02/10/2020;2;9;9;8;7;7;6;;;;;;;;;;;;;;;;;;;;;;;;
2;05/10/2020;8;8;1;5;6;7;7;;;;;;;;;;;;;;;;;;;;;;;;
3;07/10/2020;7;2;6;6;5;4;4;;;;;;;;;;;;;;;;;;;;;;;;
4;09/10/2020;5;7;8;1;8;2;5;;;;;;;;;;;;;;;;;;;;;;;;
5;14/10/2020;6;4;0;1;0;6;9;;;;;;;;;;;;;;;;;;;;;;;;
6;16/10/2020;5;7;3;3;4;1;1;;;;;;;;;;;;;;;;;;;;;;;;
7;19/10/2020;0;7;7;6;4;4;9;;;;;;;;;;;;;;;;;;;;;;;;
8;21/10/2020;7;0;9;2;0;2;5;;;;;;;;;;;;;;;;;;;;;;;;
9;23/10/2020;8;6;2;0;2;6;7;;;;;;;;;;;;;;;;;;;;;;;;
10;26/10/2020;8;9;9;2;9;6;5;;;;;;;;;;;;;;;;;;;;;;;;
11;28/10/2020;6;0;7;5;6;0;9;;;;;;;;;;;;;;;;;;;;;;;;
12;30/10/2020;3;0;3;2;8;9;0;;;;;;;;;;;;;;;;;;;;;;;;
13;04/11/2020;3;9;9;7;4;6;0;;;;;;;;;;;;;;;;;;;;;;;;
14;06/11/2020;7;4;0;9;4;7;4;;;;;;;;;;;;;;;;;;;;;;;;
15;09/11/2020;3;6;8;1;7;9;9;;;;;;;;;;;;;;;;;;;;;;;;
16;11/11/2020;5;7;2;6;9;4;4;;;;;;;;;;;;;;;;;;;;;;;;
17;13/11/2020;3;8;2;3;5;8;6;;;;;;;;;;;;;;;;;;;;;;;;
18;16/11/2020;3;8;2;4;8;6;8;;;;;;;;;;;;;;;;;;;;;;;;
19;18/11/2020;0;0;0;1;4;3;3;;;;;;;;;;;;;;;;;;;;;;;;
20;20/11/2020;4;9;3;9;8;1;3;;;;;;;;;;;;;;;;;;;;;;;;
21;23/11/2020;7;8;7;9;9;8;8;;;;;;;;;;;;;;;;;;;;;;;;
22;25/11/2020;8;2;1;1;8;9;4;;;;;;;;;;;;;;;;;;;;;;;;
23;27/11/2020;0;7;5;5;4;7;0;;;;;;;;;;;;;;;;;;;;;;;;
24;30/11/2020;6;9;5;9;2;1;5;;;;;;;;;;;;;;;;;;;;;;;;
25;02/12/2020;8;4;8;9;5;0;8;;;;;;;;;;;;;;;;;;;;;;;;
26;04/12/2020;9;5;2;1;5;9;0;;;;;;;;;;;;;;;;;;;;;;;;
27;07/12/2020;7;9;8;6;1;1;6;;;;;;;;;;;;;;;;;;;;;;;;
28;09/12/2020;3;3;4;6;9;6;3;;;;;;;;;;;;;;;;;;;;;;;;
29;11/12/2020;5;0;7;2;9;9;0;;;;;;;;;;;;;;;;;;;;;;;;
30;14/12/2020;2;1;1;6;8;6;7;;;;;;;;;;;;;;;;;;;;;;;;
31;16/12/2020;4;1;5;5;3;5;6;;;;;;;;;;;;;;;;;;;;;;;;
32;18/12/2020;6;2;9;0;9;7;8;;;;;;;;;;;;;;;;;;;;;;;;
33;21/12/2020;1;8;3;6;2;2;2;;;;;;;;;;;;;;;;;;;;;;;;
34;23/12/2020;4;1;0;5;2;3;6;;;;;;;;;;;;;;;;;;;;;;;;
35;26/12/2020;4;4;7;6;0;4;2;;;;;;;;;;;;;;;;;;;;;;;;
36;28/12/2020;9;5;1;6;0;8;1;;;;;;;;;;;;;;;;;;;;;;;;
37;30/12/2020;0;7;8;3;6;2;4;;;;;;;;;;;;;;;;;;;;;;;;
38;04/01/2021;9;2;2;6;2;5;5;;;;;;;;;;;;;;;;;;;;;;;;
39;06/01/2021;9;1;2;7;6;8;5;;;;;;;;;;;;;;;;;;;;;;;;
40;08/01/2021;1;1;9;0;4;4;4;;;;;;;;;;;;;;;;;;;;;;;;
41;11/01/2021;3;3;7;5;0;2;1;;;;;;;;;;;;;;;;;;;;;;;;
42;13/01/2021;5;8;4;3;5;1;7;;;;;;;;;;;;;;;;;;;;;;;;
43;15/01/2021;8;1;4;4;6;4;7;;;;;;;;;;;;;;;;;;;;;;;;
44;18/01/2021;3;5;9;8;2;5;3;;;;;;;;;;;;;;;;;;;;;;;;
45;20/01/2021;1;7;1;7;9;4;7;;;;;;;;;;;;;;;;;;;;;;;;
46;22/01/2021;9;3;7;3;6;5;2;;;;;;;;;;;;;;;;;;;;;;;;
47;25/01/2021;7;9;8;0;0;8;1;;;;;;;;;;;;;;;;;;;;;;;;
48;27/01/2021;4;0;3;0;7;9;1;;;;;;;;;;;;;;;;;;;;;;;;
49;29/01/2021;4;0;3;8;8;0;4;;;;;;;;;;;;;;;;;;;;;;;;
50;01/02/2021;0;4;5;8;6;0;6;;;;;;;;;;;;;;;;;;;;;;;;
51;03/02/2021;5;4;1;3;4;2;8;;;;;;;;;;;;;;;;;;;;;;;;
52;05/02/2021;5;1;3;9;8;0;0;;;;;;;;;;;;;;;;;;;;;;;;
53;08/02/2021;9;1;2;9;7;4;9;;;;;;;;;;;;;;;;;;;;;;;;
54;10/02/2021;2;0;2;1;3;8;2;;;;;;;;;;;;;;;;;;;;;;;;
55;12/02/2021;5;2;3;9;3;8;4;;;;;;;;;;;;;;;;;;;;;;;;
56;17/02/2021;6;8;7;5;1;7;3;;;;;;;;;;;;;;;;;;;;;;;;
57;19/02/2021;1;9;5;5;9;4;9;;;;;;;;;;;;;;;;;;;;;;;;
58;22/02/2021;4;0;3;9;5;2;3;;;;;;;;;;;;;;;;;;;;;;;;
59;24/02/2021;2;8;9;2;3;4;9;;;;;;;;;;;;;;;;;;;;;;;;
60;26/02/2021;1;2;1;6;6;9;5;;;;;;;;;;;;;;;;;;;;;;;;
61;01/03/2021;8;7;5;2;3;3;9;;;;;;;;;;;;;;;;;;;;;;;;
62;03/03/2021;3;3;3;0;4;7;8;;;;;;;;;;;;;;;;;;;;;;;;
63;05/03/2021;2;6;8;7;1;5;4;;;;;;;;;;;;;;;;;;;;;;;;
64;08/03/2021;6;1;3;5;1;9;4;;;;;;;;;;;;;;;;;;;;;;;;
65;10/03/2021;9;3;3;7;2;3;6;;;;;;;;;;;;;;;;;;;;;;;;
66;12/03/2021;8;6;8;9;9;5;0;;;;;;;;;;;;;;;;;;;;;;;;
67;15/03/2021;3;3;7;1;3;2;1;;;;;;;;;;;;;;;;;;;;;;;;
68;17/03/2021;4;2;6;5;8;4;5;;;;;;;;;;;;;;;;;;;;;;;;
69;19/03/2021;0;1;0;5;5;3;6;;;;;;;;;;;;;;;;;;;;;;;;
70;22/03/2021;8;5;1;8;4;6;4;;;;;;;;;;;;;;;;;;;;;;;;
71;24/03/2021;1;2;4;6;7;1;6;;;;;;;;;;;;;;;;;;;;;;;;
72;26/03/2021;1;4;1;5;8;2;5;;;;;;;;;;;;;;;;;;;;;;;;
73;29/03/2021;4;6;2;2;5;7;0;;;;;;;;;;;;;;;;;;;;;;;;
74;31/03/2021;4;2;2;4;8;8;4;;;;;;;;;;;;;;;;;;;;;;;;
75;05/04/2021;3;8;6;9;2;8;8;;;;;;;;;;;;;;;;;;;;;;;;
76;07/04/2021;1;2;3;7;1;9;7;;;;;;;;;;;;;;;;;;;;;;;;
77;09/04/2021;4;9;5;8;4;4;7;;;;;;;;;;;;;;;;;;;;;;;;
78;12/04/2021;9;2;3;6;7;7;4;;;;;;;;;;;;;;;;;;;;;;;;
79;14/04/2021;6;2;3;3;2;9;0;;;;;;;;;;;;;;;;;;;;;;;;
80;16/04/2021;9;6;9;4;5;9;0;;;;;;;;;;;;;;;;;;;;;;;;
81;19/04/2021;2;9;5;7;5;5;9;;;;;;;;;;;;;;;;;;;;;;;;
82;23/04/2021;5;9;3;3;6;6;7;;;;;;;;;;;;;;;;;;;;;;;;
83;26/04/2021;4;9;5;0;4;8;7;;;;;;;;;;;;;;;;;;;;;;;;
84;28/04/2021;3;8;6;3;1;5;2;;;;;;;;;;;;;;;;;;;;;;;;
85;30/04/2021;6;2;4;8;5;0;7;;;;;;;;;;;;;;;;;;;;;;;;
86;03/05/2021;1;2;2;6;6;9;5;;;;;;;;;;;;;;;;;;;;;;;;
87;05/05/2021;1;0;9;8;1;2;5;;;;;;;;;;;;;;;;;;;;;;;;
88;07/05/2021;1;0;8;9;4;9;6;;;;;;;;;;;;;;;;;;;;;;;;
89;10/05/2021;2;6;6;2;1;4;3;;;;;;;;;;;;;;;;;;;;;;;;
90;12/05/2021;4;0;1;1;2;7;4;;;;;;;;;;;;;;;;;;;;;;;;
91;14/05/2021;0;4;9;5;1;7;9;;;;;;;;;;;;;;;;;;;;;;;;
92;17/05/2021;3;2;6;7;4;1;5;;;;;;;;;;;;;;;;;;;;;;;;
93;19/05/2021;9;4;6;0;3;7;8;;;;;;;;;;;;;;;;;;;;;;;;
94;21/05/2021;1;9;7;6;0;1;0;;;;;;;;;;;;;;;;;;;;;;;;
95;24/05/2021;1;6;6;2;5;1;7;;;;;;;;;;;;;;;;;;;;;;;;
96;26/05/2021;8;1;5;8;8;6;8;;;;;;;;;;;;;;;;;;;;;;;;
97;28/05/2021;8;2;5;0;5;0;2;;;;;;;;;;;;;;;;;;;;;;;;
98;31/05/2021;4;1;7;7;4;3;3;;;;;;;;;;;;;;;;;;;;;;;;
99;02/06/2021;8;5;2;2;5;4;2;;;;;;;;;;;;;;;;;;;;;;;;
100;04/06/2021;7;5;8;3;8;4;0;;;;;;;;;;;;;;;;;;;;;;;;
101;07/06/2021;8;5;1;4;7;3;7;;;;;;;;;;;;;;;;;;;;;;;;
102;09/06/2021;8;7;1;9;9;4;1;;;;;;;;;;;;;;;;;;;;;;;;
103;11/06/2021;7;2;2;5;9;5;8;;;;;;;;;;;;;;;;;;;;;;;;
104;14/06/2021;8;1;0;8;1;9;2;;;;;;;;;;;;;;;;;;;;;;;;
105;16/06/2021;1;3;6;8;3;6;7;;;;;;;;;;;;;;;;;;;;;;;;
106;18/06/2021;4;0;1;9;6;7;9;;;;;;;;;;;;;;;;;;;;;;;;
107;21/06/2021;3;9;8;8;5;5;4;;;;;;;;;;;;;;;;;;;;;;;;
108;23/06/2021;0;5;5;6;9;9;6;;;;;;;;;;;;;;;;;;;;;;;;
109;25/06/2021;0;1;8;1;6;4;0;;;;;;;;;;;;;;;;;;;;;;;;
110;28/06/2021;7;0;4;1;3;9;4;;;;;;;;;;;;;;;;;;;;;;;;
111;30/06/2021;2;1;0;6;9;4;0;;;;;;;;;;;;;;;;;;;;;;;;
112;02/07/2021;4;3;0;2;3;0;9;;;;;;;;;;;;;;;;;;;;;;;;
113;05/07/2021;7;5;8;3;7;2;8;;;;;;;;;;;;;;;;;;;;;;;;
114;07/07/2021;1;2;7;0;9;3;9;;;;;;;;;;;;;;;;;;;;;;;;
115;09/07/2021;6;0;9;1;2;5;7;;;;;;;;;;;;;;;;;;;;;;;;
116;12/07/2021;5;0;0;3;3;3;6;;;;;;;;;;;;;;;;;;;;;;;;
117;14/07/2021;2;1;7;7;1;8;2;;;;;;;;;;;;;;;;;;;;;;;;
118;16/07/2021;2;5;2;6;5;3;1;;;;;;;;;;;;;;;;;;;;;;;;
119;19/07/2021;3;3;8;2;8;0;3;;;;;;;;;;;;;;;;;;;;;;;;
120;21/07/2021;6;6;5;6;0;4;4;;;;;;;;;;;;;;;;;;;;;;;;
121;23/07/2021;7;4;5;7;8;7;2;;;;;;;;;;;;;;;;;;;;;;;;
122;26/07/2021;3;5;8;8;4;3;0;;;;;;;;;;;;;;;;;;;;;;;;
123;28/07/2021;4;8;3;6;9;0;3;;;;;;;;;;;;;;;;;;;;;;;;
124;30/07/2021;0;8;2;9;9;6;0;;;;;;;;;;;;;;;;;;;;;;;;
125;02/08/2021;2;1;7;3;5;2;5;;;;;;;;;;;;;;;;;;;;;;;;
126;04/08/2021;7;9;5;2;8;1;4;;;;;;;;;;;;;;;;;;;;;;;;
127;06/08/2021;3;6;9;2;7;8;7;;;;;;;;;;;;;;;;;;;;;;;;
128;09/08/2021;5;5;4;7;8;4;5;;;;;;;;;;;;;;;;;;;;;;;;
129;11/08/2021;4;6;1;4;1;1;7;;;;;;;;;;;;;;;;;;;;;;;;
130;13/08/2021;9;0;6;0;6;7;2;;;;;;;;;;;;;;;;;;;;;;;;
131;16/08/2021;0;2;0;2;9;8;0;;;;;;;;;;;;;;;;;;;;;;;;
132;18/08/2021;9;2;7;1;0;5;1;;;;;;;;;;;;;;;;;;;;;;;;
133;20/08/2021;1;2;4;4;0;7;2;;;;;;;;;;;;;;;;;;;;;;;;
134;23/08/2021;5;3;5;5;8;7;7;;;;;;;;;;;;;;;;;;;;;;;;
135;25/08/2021;1;2;2;0;6;7;1;;;;;;;;;;;;;;;;;;;;;;;;
136;27/08/2021;4;5;5;8;2;4;8;;;;;;;;;;;;;;;;;;;;;;;;
137;30/08/2021;0;6;3;6;7;1;1;;;;;;;;;;;;;;;;;;;;;;;;
138;01/09/2021;7;7;0;6;6;0;7;;;;;;;;;;;;;;;;;;;;;;;;
139;03/09/2021;1;6;7;4;2;4;7;;;;;;;;;;;;;;;;;;;;;;;;
140;06/09/2021;1;1;9;9;7;8;9;;;;;;;;;;;;;;;;;;;;;;;;
141;08/09/2021;7;2;4;7;3;1;2;;;;;;;;;;;;;;;;;;;;;;;;
142;10/09/2021;3;1;9;9;8;8;3;;;;;;;;;;;;;;;;;;;;;;;;
143;13/09/2021;2;2;5;7;8;1;1;;;;;;;;;;;;;;;;;;;;;;;;
144;15/09/2021;0;1;0;0;9;9;7;;;;;;;;;;;;;;;;;;;;;;;;
145;17/09/2021;5;7;1;9;2;4;8;;;;;;;;;;;;;;;;;;;;;;;;
146;20/09/2021;0;0;5;5;0;7;4;;;;;;;;;;;;;;;;;;;;;;;;
147;22/09/2021;7;5;9;4;1;0;2;;;;;;;;;;;;;;;;;;;;;;;;
148;24/09/2021;2;5;4;0;0;6;9;;;;;;;;;;;;;;;;;;;;;;;;
149;27/09/2021;4;0;5;2;0;8;3;;;;;;;;;;;;;;;;;;;;;;;;
150;29/09/2021;2;5;6;6;1;6;5;;;;;;;;;;;;;;;;;;;;;;;;
151;01/10/2021;3;4;5;5;0;2;3;;;;;;;;;;;;;;;;;;;;;;;;
152;04/10/2021;5;9;2;6;1;5;3;;;;;;;;;;;;;;;;;;;;;;;;
153;06/10/2021;4;0;2;1;8;7;3;;;;;;;;;;;;;;;;;;;;;;;;
154;08/10/2021;4;5;2;1;0;7;7;;;;;;;;;;;;;;;;;;;;;;;;
155;11/10/2021;0;3;6;2;8;2;2;;;;;;;;;;;;;;;;;;;;;;;;
156;13/10/2021;7;0;6;4;7;1;4;;;;;;;;;;;;;;;;;;;;;;;;
157;15/10/2021;0;4;8;9;9;3;8;;;;;;;;;;;;;;;;;;;;;;;;
158;18/10/2021;5;7;8;7;1;6;8;;;;;;;;;;;;;;;;;;;;;;;;
159;20/10/2021;8;3;0;4;6;0;4;;;;;;;;;;;;;;;;;;;;;;;;
160;22/10/2021;5;8;2;9;9;7;2;;;;;;;;;;;;;;;;;;;;;;;;
161;25/10/2021;5;4;0;6;0;7;5;;;;;;;;;;;;;;;;;;;;;;;;
162;27/10/2021;8;3;2;0;3;3;8;;;;;;;;;;;;;;;;;;;;;;;;
163;29/10/2021;0;8;3;4;9;9;7;;;;;;;;;;;;;;;;;;;;;;;;
164;01/11/2021;2;9;5;2;1;2;0;;;;;;;;;;;;;;;;;;;;;;;;
165;03/11/2021;3;6;4;3;4;4;3;;;;;;;;;;;;;;;;;;;;;;;;
166;05/11/2021;7;9;9;7;2;2;9;;;;;;;;;;;;;;;;;;;;;;;;
167;08/11/2021;2;9;1;3;5;0;9;;;;;;;;;;;;;;;;;;;;;;;;
168;10/11/2021;2;3;7;9;9;1;8;;;;;;;;;;;;;;;;;;;;;;;;
169;12/11/2021;3;5;3;6;5;1;8;;;;;;;;;;;;;;;;;;;;;;;;
170;17/11/2021;7;5;5;9;2;0;2;;;;;;;;;;;;;;;;;;;;;;;;
171;19/11/2021;9;3;3;9;7;5;4;;;;;;;;;;;;;;;;;;;;;;;;
172;22/11/2021;0;9;2;4;5;1;9;;;;;;;;;;;;;;;;;;;;;;;;
173;24/11/2021;7;2;2;2;0;4;5;;;;;;;;;;;;;;;;;;;;;;;;
174;26/11/2021;8;8;2;9;9;0;7;;;;;;;;;;;;;;;;;;;;;;;;
175;29/11/2021;1;8;2;4;8;4;7;;;;;;;;;;;;;;;;;;;;;;;;
176;01/12/2021;5;1;0;2;7;1;1;;;;;;;;;;;;;;;;;;;;;;;;
177;03/12/2021;4;6;9;8;8;3;6;;;;;;;;;;;;;;;;;;;;;;;;
178;06/12/2021;9;7;5;5;7;4;8;;;;;;;;;;;;;;;;;;;;;;;;
179;08/12/2021;9;3;2;8;5;3;5;;;;;;;;;;;;;;;;;;;;;;;;
180;10/12/2021;4;4;9;4;3;4;6;;;;;;;;;;;;;;;;;;;;;;;;
181;13/12/2021;3;4;7;4;3;6;9;;;;;;;;;;;;;;;;;;;;;;;;
182;15/12/2021;3;1;9;4;9;4;2;;;;;;;;;;;;;;;;;;;;;;;;
183;17/12/2021;6;5;8;0;7;3;9;;;;;;;;;;;;;;;;;;;;;;;;
184;20/12/2021;7;9;7;2;2;5;3;;;;;;;;;;;;;;;;;;;;;;;;
185;22/12/2021;2;3;6;7;2;4;6;;;;;;;;;;;;;;;;;;;;;;;;
186;24/12/2021;5;2;8;3;8;3;0;;;;;;;;;;;;;;;;;;;;;;;;
187;27/12/2021;0;8;1;5;5;8;1;;;;;;;;;;;;;;;;;;;;;;;;
188;29/12/2021;1;0;2;7;6;1;5;;;;;;;;;;;;;;;;;;;;;;;;
189;31/12/2021;0;9;8;1;0;2;5;;;;;;;;;;;;;;;;;;;;;;;;
190;03/01/2022;2;9;8;0;0;7;5;;;;;;;;;;;;;;;;;;;;;;;;
191;05/01/2022;6;4;1;9;6;0;9;;;;;;;;;;;;;;;;;;;;;;;;
192;07/01/2022;0;9;6;1;9;6;7;;;;;;;;;;;;;;;;;;;;;;;;
193;10/01/2022;7;2;1;3;2;0;0;;;;;;;;;;;;;;;;;;;;;;;;
194;12/01/2022;0;0;3;7;6;3;9;;;;;;;;;;;;;;;;;;;;;;;;
195;14/01/2022;9;1;8;6;5;8;6;;;;;;;;;;;;;;;;;;;;;;;;
196;17/01/2022;7;3;9;3;2;4;4;;;;;;;;;;;;;;;;;;;;;;;;
197;19/01/2022;7;1;1;0;8;1;9;;;;;;;;;;;;;;;;;;;;;;;;
198;22/01/2022;3;9;7;0;4;0;9;;;;;;;;;;;;;;;;;;;;;;;;
199;24/01/2022;2;7;8;8;0;9;4;;;;;;;;;;;;;;;;;;;;;;;;
200;26/01/2022;6;8;3;5;9;8;1;;;;;;;;;;;;;;;;;;;;;;;;
201;28/01/2022;1;6;3;2;3;8;8;;;;;;;;;;;;;;;;;;;;;;;;
202;31/01/2022;8;3;9;7;5;9;2;;;;;;;;;;;;;;;;;;;;;;;;
203;02/02/2022;9;0;4;6;2;8;7;;;;;;;;;;;;;;;;;;;;;;;;
204;04/02/2022;2;6;5;1;2;3;2;;;;;;;;;;;;;;;;;;;;;;;;
205;07/02/2022;5;7;3;9;9;0;0;;;;;;;;;;;;;;;;;;;;;;;;
206;09/02/2022;3;9;6;9;3;4;6;;;;;;;;;;;;;;;;;;;;;;;;
207;11/02/2022;1;8;4;9;2;2;2;;;;;;;;;;;;;;;;;;;;;;;;
208;14/02/2022;9;8;2;1;1;2;9;;;;;;;;;;;;;;;;;;;;;;;;
209;16/02/2022;6;6;3;7;6;3;7;;;;;;;;;;;;;;;;;;;;;;;;
210;18/02/2022;3;6;2;9;6;7;5;;;;;;;;;;;;;;;;;;;;;;;;
211;21/02/2022;4;6;7;7;0;9;4;;;;;;;;;;;;;;;;;;;;;;;;
212;23/02/2022;3;1;3;5;6;5;7;;;;;;;;;;;;;;;;;;;;;;;;
213;25/02/2022;4;1;4;6;9;2;9;;;;;;;;;;;;;;;;;;;;;;;;
214;02/03/2022;1;2;5;6;8;6;6;;;;;;;;;;;;;;;;;;;;;;;;
215;04/03/2022;3;6;7;7;3;5;9;;;;;;;;;;;;;;;;;;;;;;;;
216;07/03/2022;0;1;3;6;6;3;9;;;;;;;;;;;;;;;;;;;;;;;;
217;09/03/2022;9;8;7;8;3;5;0;;;;;;;;;;;;;;;;;;;;;;;;
218;11/03/2022;6;1;6;9;9;7;6;;;;;;;;;;;;;;;;;;;;;;;;
219;14/03/2022;3;3;7;8;5;8;6;;;;;;;;;;;;;;;;;;;;;;;;
220;16/03/2022;8;8;4;6;7;3;6;;;;;;;;;;;;;;;;;;;;;;;;
221;18/03/2022;5;4;7;6;8;0;3;;;;;;;;;;;;;;;;;;;;;;;;
222;21/03/2022;0;8;5;2;6;1;4;;;;;;;;;;;;;;;;;;;;;;;;
223;23/03/2022;5;1;8;1;0;3;8;;;;;;;;;;;;;;;;;;;;;;;;
224;25/03/2022;5;4;4;2;1;5;4;;;;;;;;;;;;;;;;;;;;;;;;
225;28/03/2022;8;0;0;7;0;4;2;;;;;;;;;;;;;;;;;;;;;;;;
226;30/03/2022;2;0;4;7;6;0;8;;;;;;;;;;;;;;;;;;;;;;;;
227;01/04/2022;5;6;2;7;6;8;7;;;;;;;;;;;;;;;;;;;;;;;;
228;04/04/2022;7;2;2;3;8;8;9;;;;;;;;;;;;;;;;;;;;;;;;
229;06/04/2022;8;6;4;4;4;3;9;;;;;;;;;;;;;;;;;;;;;;;;
230;08/04/2022;8;6;1;6;2;5;1;;;;;;;;;;;;;;;;;;;;;;;;
231;13/04/2022;4;4;8;2;8;0;7;;;;;;;;;;;;;;;;;;;;;;;;
232;18/04/2022;1;0;8;5;4;7;6;;;;;;;;;;;;;;;;;;;;;;;;
233;20/04/2022;0;2;7;4;4;2;4;;;;;;;;;;;;;;;;;;;;;;;;
234;22/04/2022;1;8;8;8;9;6;7;;;;;;;;;;;;;;;;;;;;;;;;
235;25/04/2022;9;7;6;2;3;5;6;;;;;;;;;;;;;;;;;;;;;;;;
236;27/04/2022;7;0;7;2;9;4;3;;;;;;;;;;;;;;;;;;;;;;;;
237;29/04/2022;6;2;7;6;3;2;7;;;;;;;;;;;;;;;;;;;;;;;;
238;02/05/2022;2;0;9;0;1;2;3;;;;;;;;;;;;;;;;;;;;;;;;
239;04/05/2022;3;3;1;5;8;1;2;;;;;;;;;;;;;;;;;;;;;;;;
240;06/05/2022;2;5;1;9;4;7;7;;;;;;;;;;;;;;;;;;;;;;;;
241;09/05/2022;2;4;9;8;3;6;1;;;;;;;;;;;;;;;;;;;;;;;;
242;11/05/2022;6;1;6;9;3;4;1;;;;;;;;;;;;;;;;;;;;;;;;
243;13/05/2022;9;9;5;7;0;9;0;;;;;;;;;;;;;;;;;;;;;;;;
244;16/05/2022;6;5;5;5;3;9;7;;;;;;;;;;;;;;;;;;;;;;;;
245;18/05/2022;6;7;9;0;2;1;7;;;;;;;;;;;;;;;;;;;;;;;;
246;20/05/2022;4;9;0;5;4;9;3;;;;;;;;;;;;;;;;;;;;;;;;
247;23/05/2022;0;9;9;5;0;5;5;;;;;;;;;;;;;;;;;;;;;;;;
248;25/05/2022;9;2;4;6;3;1;4;;;;;;;;;;;;;;;;;;;;;;;;
249;27/05/2022;8;7;6;7;8;2;4;;;;;;;;;;;;;;;;;;;;;;;;
250;30/05/2022;0;7;4;1;5;7;8;;;;;;;;;;;;;;;;;;;;;;;;
251;01/06/2022;7;6;9;9;2;2;0;;;;;;;;;;;;;;;;;;;;;;;;
252;03/06/2022;0;4;7;0;7;5;4;;;;;;;;;;;;;;;;;;;;;;;;
253;06/06/2022;7;0;8;8;3;7;5;;;;;;;;;;;;;;;;;;;;;;;;
254;08/06/2022;8;3;8;9;4;2;0;;;;;;;;;;;;;;;;;;;;;;;;
255;10/06/2022;4;7;0;6;1;9;8;;;;;;;;;;;;;;;;;;;;;;;;
256;13/06/2022;7;7;0;9;4;9;3;;;;;;;;;;;;;;;;;;;;;;;;
257;15/06/2022;1;0;6;0;0;5;5;;;;;;;;;;;;;;;;;;;;;;;;
258;17/06/2022;2;9;7;0;7;7;1;;;;;;;;;;;;;;;;;;;;;;;;
259;20/06/2022;1;8;1;9;5;0;3;;;;;;;;;;;;;;;;;;;;;;;;
260;22/06/2022;6;6;0;9;4;4;2;;;;;;;;;;;;;;;;;;;;;;;;
261;24/06/2022;2;5;0;1;9;3;3;;;;;;;;;;;;;;;;;;;;;;;;
262;27/06/2022;2;8;8;7;0;8;3;;;;;;;;;;;;;;;;;;;;;;;;
263;29/06/2022;6;7;3;0;8;9;8;;;;;;;;;;;;;;;;;;;;;;;;
264;01/07/2022;3;7;4;8;0;4;1;;;;;;;;;;;;;;;;;;;;;;;;
265;04/07/2022;9;6;5;0;2;1;6;;;;;;;;;;;;;;;;;;;;;;;;
266;06/07/2022;8;7;9;3;6;6;5;;;;;;;;;;;;;;;;;;;;;;;;
267;08/07/2022;4;9;9;7;4;0;2;;;;;;;;;;;;;;;;;;;;;;;;
268;11/07/2022;6;5;4;5;3;8;6;;;;;;;;;;;;;;;;;;;;;;;;
269;13/07/2022;3;7;4;3;7;3;0;;;;;;;;;;;;;;;;;;;;;;;;
270;15/07/2022;5;8;5;5;7;5;4;;;;;;;;;;;;;;;;;;;;;;;;
271;18/07/2022;3;4;8;7;1;0;3;;;;;;;;;;;;;;;;;;;;;;;;
272;20/07/2022;4;1;8;3;5;5;0;;;;;;;;;;;;;;;;;;;;;;;;
273;22/07/2022;0;8;4;9;9;6;5;;;;;;;;;;;;;;;;;;;;;;;;
274;25/07/2022;6;1;6;9;8;6;3;;;;;;;;;;;;;;;;;;;;;;;;
275;27/07/2022;7;1;2;8;8;6;1;;;;;;;;;;;;;;;;;;;;;;;;
276;29/07/2022;7;0;6;0;3;4;2;;;;;;;;;;;;;;;;;;;;;;;;
277;01/08/2022;9;6;2;1;6;9;8;;;;;;;;;;;;;;;;;;;;;;;;
278;03/08/2022;7;7;4;2;9;9;4;;;;;;;;;;;;;;;;;;;;;;;;
279;05/08/2022;5;2;6;8;1;2;0;;;;;;;;;;;;;;;;;;;;;;;;
280;08/08/2022;2;6;0;8;2;3;4;;;;;;;;;;;;;;;;;;;;;;;;
281;10/08/2022;2;0;0;6;6;0;3;;;;;;;;;;;;;;;;;;;;;;;;
282;12/08/2022;8;7;4;1;6;6;1;;;;;;;;;;;;;;;;;;;;;;;;
283;15/08/2022;9;6;0;6;8;2;0;;;;;;;;;;;;;;;;;;;;;;;;
284;17/08/2022;2;6;9;5;0;9;9;;;;;;;;;;;;;;;;;;;;;;;;
285;19/08/2022;6;6;7;2;9;3;4;;;;;;;;;;;;;;;;;;;;;;;;
286;22/08/2022;6;1;5;9;3;4;1;;;;;;;;;;;;;;;;;;;;;;;;
287;24/08/2022;5;5;4;7;0;2;5;;;;;;;;;;;;;;;;;;;;;;;;
288;26/08/2022;0;7;7;1;9;9;6;;;;;;;;;;;;;;;;;;;;;;;;
289;29/08/2022;7;9;2;1;2;7;1;;;;;;;;;;;;;;;;;;;;;;;;
290;31/08/2022;2;5;2;4;0;0;9;;;;;;;;;;;;;;;;;;;;;;;;
291;02/09/2022;1;9;1;3;1;8;6;;;;;;;;;;;;;;;;;;;;;;;;
292;05/09/2022;6;8;9;1;5;2;3;;;;;;;;;;;;;;;;;;;;;;;;
293;09/09/2022;4;5;9;9;5;2;1;;;;;;;;;;;;;;;;;;;;;;;;
294;12/09/2022;3;7;4;7;6;7;5;;;;;;;;;;;;;;;;;;;;;;;;
295;14/09/2022;5;9;6;0;8;6;3;;;;;;;;;;;;;;;;;;;;;;;;
296;16/09/2022;0;0;5;5;0;9;2;;;;;;;;;;;;;;;;;;;;;;;;
297;19/09/2022;7;3;7;0;0;6;7;;;;;;;;;;;;;;;;;;;;;;;;
298;21/09/2022;5;9;1;1;7;9;1;;;;;;;;;;;;;;;;;;;;;;;;
299;23/09/2022;0;8;5;2;0;5;6;;;;;;;;;;;;;;;;;;;;;;;;
300;26/09/2022;5;1;3;1;3;8;0;;;;;;;;;;;;;;;;;;;;;;;;
301;28/09/2022;0;4;2;0;8;9;8;;;;;;;;;;;;;;;;;;;;;;;;
302;30/09/2022;4;8;7;6;0;8;4;;;;;;;;;;;;;;;;;;;;;;;;
303;03/10/2022;2;6;7;8;1;9;5;;;;;;;;;;;;;;;;;;;;;;;;
304;05/10/2022;3;7;9;1;2;6;1;;;;;;;;;;;;;;;;;;;;;;;;
305;07/10/2022;5;7;3;4;9;2;0;;;;;;;;;;;;;;;;;;;;;;;;
306;10/10/2022;2;0;8;4;3;9;8;;;;;;;;;;;;;;;;;;;;;;;;
307;14/10/2022;9;8;2;4;0;7;2;;;;;;;;;;;;;;;;;;;;;;;;
308;17/10/2022;3;5;1;7;6;6;3;;;;;;;;;;;;;;;;;;;;;;;;
309;19/10/2022;6;6;3;0;7;9;4;;;;;;;;;;;;;;;;;;;;;;;;
310;21/10/2022;6;4;1;7;6;4;2;;;;;;;;;;;;;;;;;;;;;;;;
311;24/10/2022;7;8;0;9;0;1;5;;;;;;;;;;;;;;;;;;;;;;;;
312;26/10/2022;7;3;7;4;0;6;6;;;;;;;;;;;;;;;;;;;;;;;;
313;28/10/2022;7;0;7;7;5;4;3;;;;;;;;;;;;;;;;;;;;;;;;
314;31/10/2022;6;8;7;9;3;6;6;;;;;;;;;;;;;;;;;;;;;;;;
315;04/11/2022;9;7;7;1;3;8;1;;;;;;;;;;;;;;;;;;;;;;;;
316;07/11/2022;8;3;0;2;5;1;2;;;;;;;;;;;;;;;;;;;;;;;;
317;09/11/2022;7;3;8;5;2;1;7;;;;;;;;;;;;;;;;;;;;;;;;
318;11/11/2022;6;1;0;3;3;9;9;;;;;;;;;;;;;;;;;;;;;;;;
319;14/11/2022;0;4;3;2;2;6;4;;;;;;;;;;;;;;;;;;;;;;;;
320;16/11/2022;2;6;5;1;1;7;9;;;;;;;;;;;;;;;;;;;;;;;;
321;18/11/2022;6;8;2;6;6;3;5;;;;;;;;;;;;;;;;;;;;;;;;
322;21/11/2022;0;2;8;6;2;3;5;;;;;;;;;;;;;;;;;;;;;;;;
323;23/11/2022;3;4;2;1;9;5;6;;;;;;;;;;;;;;;;;;;;;;;;
324;25/11/2022;5;9;1;1;8;7;8;;;;;;;;;;;;;;;;;;;;;;;;
325;28/11/2022;1;3;6;2;4;9;9;;;;;;;;;;;;;;;;;;;;;;;;
326;30/11/2022;3;3;2;5;7;3;7;;;;;;;;;;;;;;;;;;;;;;;;
327;02/12/2022;3;9;6;7;6;0;8;;;;;;;;;;;;;;;;;;;;;;;;
328;05/12/2022;9;1;1;5;3;8;1;;;;;;;;;;;;;;;;;;;;;;;;
329;07/12/2022;7;6;8;0;8;5;9;;;;;;;;;;;;;;;;;;;;;;;;
330;09/12/2022;8;3;1;2;8;9;0;;;;;;;;;;;;;;;;;;;;;;;;
331;12/12/2022;1;1;3;6;4;8;3;;;;;;;;;;;;;;;;;;;;;;;;
332;14/12/2022;1;5;0;3;6;3;2;;;;;;;;;;;;;;;;;;;;;;;;
333;16/12/2022;0;1;1;7;9;3;9;;;;;;;;;;;;;;;;;;;;;;;;
334;19/12/2022;4;5;0;7;0;7;6;;;;;;;;;;;;;;;;;;;;;;;;
335;21/12/2022;7;3;1;2;5;4;6;;;;;;;;;;;;;;;;;;;;;;;;
336;23/12/2022;4;6;4;5;1;4;0;;;;;;;;;;;;;;;;;;;;;;;;
337;26/12/2022;9;5;4;7;9;7;1;;;;;;;;;;;;;;;;;;;;;;;;
338;28/12/2022;5;4;9;2;9;9;6;;;;;;;;;;;;;;;;;;;;;;;;
339;30/12/2022;4;3;0;5;9;9;1;;;;;;;;;;;;;;;;;;;;;;;;
340;02/01/2023;3;9;6;3;8;3;1;;;;;;;;;;;;;;;;;;;;;;;;
341;04/01/2023;2;6;1;1;7;1;0;;;;;;;;;;;;;;;;;;;;;;;;
342;06/01/2023;8;0;1;3;7;1;8;;;;;;;;;;;;;;;;;;;;;;;;
343;09/01/2023;7;7;0;9;8;6;0;;;;;;;;;;;;;;;;;;;;;;;;
344;11/01/2023;7;2;4;4;7;4;3;;;;;;;;;;;;;;;;;;;;;;;;
345;13/01/2023;1;6;4;4;6;3;7;;;;;;;;;;;;;;;;;;;;;;;;
346;16/01/2023;3;0;9;5;6;5;3;;;;;;;;;;;;;;;;;;;;;;;;
347;18/01/2023;9;5;2;6;2;0;0;;;;;;;;;;;;;;;;;;;;;;;;
348;20/01/2023;0;0;3;5;8;1;9;;;;;;;;;;;;;;;;;;;;;;;;
349;23/01/2023;6;0;5;1;3;6;6;;;;;;;;;;;;;;;;;;;;;;;;
350;25/01/2023;7;3;1;6;5;3;3;;;;;;;;;;;;;;;;;;;;;;;;
351;27/01/2023;9;9;1;4;6;6;5;;;;;;;;;;;;;;;;;;;;;;;;
352;30/01/2023;3;9;9;9;1;4;8;;;;;;;;;;;;;;;;;;;;;;;;
353;01/02/2023;0;1;1;2;7;6;1;;;;;;;;;;;;;;;;;;;;;;;;
354;03/02/2023;7;2;1;2;6;5;1;;;;;;;;;;;;;;;;;;;;;;;;
355;06/02/2023;0;1;5;9;2;7;2;;;;;;;;;;;;;;;;;;;;;;;;
356;08/02/2023;7;7;7;3;2;1;9;;;;;;;;;;;;;;;;;;;;;;;;
357;10/02/2023;9;8;9;7;8;6;6;;;;;;;;;;;;;;;;;;;;;;;;
358;13/02/2023;8;4;8;1;3;0;9;;;;;;;;;;;;;;;;;;;;;;;;
359;15/02/2023;8;8;7;9;6;2;7;;;;;;;;;;;;;;;;;;;;;;;;
360;17/02/2023;9;8;5;2;9;6;3;;;;;;;;;;;;;;;;;;;;;;;;
361;22/02/2023;9;3;2;0;4;6;5;;;;;;;;;;;;;;;;;;;;;;;;
362;24/02/2023;0;7;5;9;3;1;5;;;;;;;;;;;;;;;;;;;;;;;;
363;27/02/2023;5;7;8;9;5;1;9;;;;;;;;;;;;;;;;;;;;;;;;
364;01/03/2023;5;1;2;7;0;5;9;;;;;;;;;;;;;;;;;;;;;;;;
365;03/03/2023;9;9;8;5;3;8;3;;;;;;;;;;;;;;;;;;;;;;;;
366;06/03/2023;9;9;0;9;0;8;6;;;;;;;;;;;;;;;;;;;;;;;;
367;08/03/2023;2;3;1;9;5;9;3;;;;;;;;;;;;;;;;;;;;;;;;
368;10/03/2023;4;7;3;7;2;6;1;;;;;;;;;;;;;;;;;;;;;;;;
369;14/03/2023;2;7;0;6;2;5;2;;;;;;;;;;;;;;;;;;;;;;;;
370;15/03/2023;0;6;9;2;2;7;0;;;;;;;;;;;;;;;;;;;;;;;;
371;17/03/2023;1;3;9;3;3;1;4;;;;;;;;;;;;;;;;;;;;;;;;
372;20/03/2023;0;7;4;9;9;4;7;;;;;;;;;;;;;;;;;;;;;;;;
373;22/03/2023;6;2;6;1;6;2;3;;;;;;;;;;;;;;;;;;;;;;;;
374;24/03/2023;6;7;4;1;7;5;9;;;;;;;;;;;;;;;;;;;;;;;;
375;27/03/2023;7;1;7;5;3;6;6;;;;;;;;;;;;;;;;;;;;;;;;
376;29/03/2023;3;9;4;9;8;0;6;;;;;;;;;;;;;;;;;;;;;;;;
377;31/03/2023;2;5;3;6;5;2;9;;;;;;;;;;;;;;;;;;;;;;;;
378;03/04/2023;4;4;1;2;7;6;2;;;;;;;;;;;;;;;;;;;;;;;;
379;05/04/2023;0;4;9;3;4;1;9;;;;;;;;;;;;;;;;;;;;;;;;
380;10/04/2023;0;2;3;7;5;8;0;;;;;;;;;;;;;;;;;;;;;;;;
381;12/04/2023;5;4;1;3;3;2;4;;;;;;;;;;;;;;;;;;;;;;;;
382;14/04/2023;2;3;9;1;7;6;3;;;;;;;;;;;;;;;;;;;;;;;;
383;17/04/2023;0;7;4;7;5;7;8;;;;;;;;;;;;;;;;;;;;;;;;
384;19/04/2023;8;9;5;8;0;1;9;;;;;;;;;;;;;;;;;;;;;;;;
385;24/04/2023;0;1;3;9;9;3;7;;;;;;;;;;;;;;;;;;;;;;;;
386;26/04/2023;4;3;9;7;0;6;0;;;;;;;;;;;;;;;;;;;;;;;;
387;28/04/2023;7;5;9;8;5;7;8;;;;;;;;;;;;;;;;;;;;;;;;
388;03/05/2023;5;9;2;1;5;3;3;;;;;;;;;;;;;;;;;;;;;;;;
389;05/05/2023;6;0;3;6;3;0;1;;;;;;;;;;;;;;;;;;;;;;;;
390;08/05/2023;5;2;8;8;4;3;4;;;;;;;;;;;;;;;;;;;;;;;;
391;10/05/2023;8;3;6;5;2;0;6;;;;;;;;;;;;;;;;;;;;;;;;
392;12/05/2023;1;5;8;0;3;7;9;;;;;;;;;;;;;;;;;;;;;;;;
393;15/05/2023;1;5;5;1;7;7;8;;;;;;;;;;;;;;;;;;;;;;;;
394;17/05/2023;7;6;9;6;1;3;1;;;;;;;;;;;;;;;;;;;;;;;;
395;19/05/2023;3;6;4;1;2;8;5;;;;;;;;;;;;;;;;;;;;;;;;
396;22/05/2023;6;5;0;7;8;0;2;;;;;;;;;;;;;;;;;;;;;;;;
397;24/05/2023;6;0;1;8;0;7;5;;;;;;;;;;;;;;;;;;;;;;;;
398;26/05/2023;3;5;4;7;3;8;5;;;;;;;;;;;;;;;;;;;;;;;;
399;29/05/2023;2;5;2;6;6;4;8;;;;;;;;;;;;;;;;;;;;;;;;
400;31/05/2023;0;5;5;4;2;4;3;;;;;;;;;;;;;;;;;;;;;;;;
401;02/06/2023;9;6;5;0;8;6;7;;;;;;;;;;;;;;;;;;;;;;;;
402;05/06/2023;7;2;4;9;0;1;1;;;;;;;;;;;;;;;;;;;;;;;;
403;07/06/2023;0;8;7;6;0;6;1;;;;;;;;;;;;;;;;;;;;;;;;
404;09/06/2023;0;3;4;9;2;3;9;;;;;;;;;;;;;;;;;;;;;;;;
405;12/06/2023;3;6;6;7;3;5;2;;;;;;;;;;;;;;;;;;;;;;;;
406;14/06/2023;6;2;6;5;5;9;4;;;;;;;;;;;;;;;;;;;;;;;;
407;16/06/2023;3;6;8;3;9;2;7;;;;;;;;;;;;;;;;;;;;;;;;
408;19/06/2023;9;4;4;1;4;2;3;;;;;;;;;;;;;;;;;;;;;;;;
409;21/06/2023;1;5;5;2;0;1;7;;;;;;;;;;;;;;;;;;;;;;;;
410;23/06/2023;7;9;0;5;2;2;1;;;;;;;;;;;;;;;;;;;;;;;;
411;26/06/2023;9;5;5;2;5;2;0;;;;;;;;;;;;;;;;;;;;;;;;
412;28/06/2023;2;1;3;6;6;7;7;;;;;;;;;;;;;;;;;;;;;;;;
413;30/06/2023;9;2;3;6;8;6;8;;;;;;;;;;;;;;;;;;;;;;;;
414;03/07/2023;5;3;6;4;9;8;7;;;;;;;;;;;;;;;;;;;;;;;;
415;05/07/2023;9;3;4;0;2;7;3;;;;;;;;;;;;;;;;;;;;;;;;
416;07/07/2023;6;7;5;3;9;9;8;;;;;;;;;;;;;;;;;;;;;;;;
417;10/07/2023;0;2;2;1;1;2;9;;;;;;;;;;;;;;;;;;;;;;;;
418;12/07/2023;6;6;5;2;1;9;9;;;;;;;;;;;;;;;;;;;;;;;;
419;14/07/2023;7;3;2;1;6;3;1;;;;;;;;;;;;;;;;;;;;;;;;
420;17/07/2023;2;8;1;5;3;2;6;;;;;;;;;;;;;;;;;;;;;;;;
421;19/07/2023;7;8;0;0;6;9;6;;;;;;;;;;;;;;;;;;;;;;;;
422;21/07/2023;9;2;0;3;8;2;2;;;;;;;;;;;;;;;;;;;;;;;;
423;24/07/2023;7;3;4;0;3;7;3;;;;;;;;;;;;;;;;;;;;;;;;
424;26/07/2023;5;2;4;3;2;0;0;;;;;;;;;;;;;;;;;;;;;;;;
425;28/07/2023;9;7;5;8;4;1;8;;;;;;;;;;;;;;;;;;;;;;;;
426;31/07/2023;6;6;9;9;3;1;7;;;;;;;;;;;;;;;;;;;;;;;;
427;02/08/2023;4;4;3;4;4;2;2;;;;;;;;;;;;;;;;;;;;;;;;
428;04/08/2023;3;4;3;2;7;9;8;;;;;;;;;;;;;;;;;;;;;;;;
429;07/08/2023;5;7;4;0;5;0;9;;;;;;;;;;;;;;;;;;;;;;;;
430;09/08/2023;4;6;4;1;8;6;7;;;;;;;;;;;;;;;;;;;;;;;;
431;11/08/2023;3;0;7;8;6;1;3;;;;;;;;;;;;;;;;;;;;;;;;
432;14/08/2023;7;9;8;1;7;1;4;;;;;;;;;;;;;;;;;;;;;;;;
433;16/08/2023;8;4;9;8;8;7;6;;;;;;;;;;;;;;;;;;;;;;;;
434;18/08/2023;7;1;2;9;5;0;3;;;;;;;;;;;;;;;;;;;;;;;;
435;21/08/2023;1;0;3;0;9;9;4;;;;;;;;;;;;;;;;;;;;;;;;
436;23/08/2023;6;6;1;4;4;9;7;;;;;;;;;;;;;;;;;;;;;;;;
437;25/08/2023;0;1;8;3;4;5;3;;;;;;;;;;;;;;;;;;;;;;;;
438;28/08/2023;5;5;3;0;2;4;7;;;;;;;;;;;;;;;;;;;;;;;;
439;30/08/2023;3;4;2;7;6;5;9;;;;;;;;;;;;;;;;;;;;;;;;
440;01/09/2023;8;8;2;5;4;8;8;;;;;;;;;;;;;;;;;;;;;;;;
441;04/09/2023;2;4;4;3;8;6;7;;;;;;;;;;;;;;;;;;;;;;;;
442;06/09/2023;5;3;8;8;7;7;0;;;;;;;;;;;;;;;;;;;;;;;;
443;08/09/2023;2;2;3;6;1;3;9;;;;;;;;;;;;;;;;;;;;;;;;
444;11/09/2023;0;4;6;3;8;1;2;;;;;;;;;;;;;;;;;;;;;;;;
445;13/09/2023;0;3;6;1;3;9;3;;;;;;;;;;;;;;;;;;;;;;;;
446;15/09/2023;7;6;0;8;3;8;8;;;;;;;;;;;;;;;;;;;;;;;;
447;18/09/2023;6;6;8;7;6;6;0;;;;;;;;;;;;;;;;;;;;;;;;
448;20/09/2023;3;4;1;6;4;0;8;;;;;;;;;;;;;;;;;;;;;;;;
449;22/09/2023;3;6;5;0;5;3;5;;;;;;;;;;;;;;;;;;;;;;;;
450;25/09/2023;0;6;5;9;8;1;8;;;;;;;;;;;;;;;;;;;;;;;;
451;27/09/2023;6;0;5;4;7;6;7;;;;;;;;;;;;;;;;;;;;;;;;
452;29/09/2023;4;4;7;5;9;0;3;;;;;;;;;;;;;;;;;;;;;;;;
453;02/10/2023;8;2;8;9;7;4;6;;;;;;;;;;;;;;;;;;;;;;;;
454;04/10/2023;7;4;2;3;2;2;9;;;;;;;;;;;;;;;;;;;;;;;;
455;06/10/2023;8;7;5;4;9;9;5;;;;;;;;;;;;;;;;;;;;;;;;
456;09/10/2023;2;0;8;7;7;0;7;;;;;;;;;;;;;;;;;;;;;;;;
457;11/10/2023;4;7;8;0;9;0;0;;;;;;;;;;;;;;;;;;;;;;;;
458;13/10/2023;4;7;3;4;0;1;0;;;;;;;;;;;;;;;;;;;;;;;;
459;16/10/2023;9;3;7;0;8;5;2;;;;;;;;;;;;;;;;;;;;;;;;
460;18/10/2023;3;2;6;8;3;7;2;;;;;;;;;;;;;;;;;;;;;;;;
461;20/10/2023;6;1;3;2;5;2;8;;;;;;;;;;;;;;;;;;;;;;;;
462;23/10/2023;6;8;5;5;8;9;6;;;;;;;;;;;;;;;;;;;;;;;;
463;25/10/2023;6;6;8;1;9;6;4;;;;;;;;;;;;;;;;;;;;;;;;
464;27/10/2023;7;7;8;4;7;1;6;;;;;;;;;;;;;;;;;;;;;;;;
465;30/10/2023;1;6;1;0;8;5;8;;;;;;;;;;;;;;;;;;;;;;;;
466;01/11/2023;3;2;0;6;3;6;3;;;;;;;;;;;;;;;;;;;;;;;;
467;03/11/2023;4;9;0;7;4;1;0;;;;;;;;;;;;;;;;;;;;;;;;
468;06/11/2023;3;5;3;4;5;6;6;;;;;;;;;;;;;;;;;;;;;;;;
469;08/11/2023;9;9;6;5;4;6;8;;;;;;;;;;;;;;;;;;;;;;;;
470;10/11/2023;3;1;1;1;1;5;8;;;;;;;;;;;;;;;;;;;;;;;;
471;13/11/2023;4;9;3;3;0;4;6;;;;;;;;;;;;;;;;;;;;;;;;
472;17/11/2023;8;7;4;8;6;8;2;;;;;;;;;;;;;;;;;;;;;;;;
473;20/11/2023;5;0;0;8;4;9;4;;;;;;;;;;;;;;;;;;;;;;;;
474;22/11/2023;1;4;5;6;7;8;5;;;;;;;;;;;;;;;;;;;;;;;;
475;24/11/2023;5;8;1;8;2;1;0;;;;;;;;;;;;;;;;;;;;;;;;
476;27/11/2023;9;3;3;6;9;4;5;;;;;;;;;;;;;;;;;;;;;;;;
477;29/11/2023;7;2;4;6;1;9;3;;;;;;;;;;;;;;;;;;;;;;;;
478;01/12/2023;2;7;1;4;2;5;7;;;;;;;;;;;;;;;;;;;;;;;;
479;04/12/2023;5;8;0;2;7;4;1;;;;;;;;;;;;;;;;;;;;;;;;
480;06/12/2023;1;2;5;4;4;8;6;;;;;;;;;;;;;;;;;;;;;;;;
481;08/12/2023;2;8;0;1;7;4;3;;;;;;;;;;;;;;;;;;;;;;;;
482;11/12/2023;1;5;2;0;9;3;7;;;;;;;;;;;;;;;;;;;;;;;;
483;13/12/2023;3;0;4;9;1;4;1;;;;;;;;;;;;;;;;;;;;;;;;
484;15/12/2023;4;5;9;1;5;9;9;;;;;;;;;;;;;;;;;;;;;;;;
485;18/12/2023;4;6;1;2;9;4;1;;;;;;;;;;;;;;;;;;;;;;;;
486;20/12/2023;7;3;4;8;7;7;1;;;;;;;;;;;;;;;;;;;;;;;;
487;22/12/2023;6;1;5;2;3;4;9;;;;;;;;;;;;;;;;;;;;;;;;
488;27/12/2023;5;2;7;2;5;0;2;;;;;;;;;;;;;;;;;;;;;;;;
489;29/12/2023;8;7;1;3;7;5;0;;;;;;;;;;;;;;;;;;;;;;;;
490;03/01/2024;4;6;9;1;7;3;4;;;;;;;;;;;;;;;;;;;;;;;;
491;05/01/2024;2;7;9;7;3;7;6;;;;;;;;;;;;;;;;;;;;;;;;
492;08/01/2024;1;0;2;7;3;4;3;;;;;;;;;;;;;;;;;;;;;;;;
493;10/01/2024;0;0;7;5;6;0;2;;;;;;;;;;;;;;;;;;;;;;;;
494;12/01/2024;2;4;0;9;7;3;5;;;;;;;;;;;;;;;;;;;;;;;;
495;15/01/2024;6;1;5;4;2;2;7;;;;;;;;;;;;;;;;;;;;;;;;
496;17/01/2024;1;9;9;0;8;5;6;;;;;;;;;;;;;;;;;;;;;;;;
497;19/01/2024;4;5;8;7;4;7;0;;;;;;;;;;;;;;;;;;;;;;;;
498;22/01/2024;9;3;8;3;9;4;5;;;;;;;;;;;;;;;;;;;;;;;;
499;24/01/2024;8;6;1;4;1;8;5;;;;;;;;;;;;;;;;;;;;;;;;
500;26/01/2024;7;2;7;4;3;0;4;;;;;;;;;;;;;;;;;;;;;;;;
501;29/01/2024;0;7;6;6;5;8;9;;;;;;;;;;;;;;;;;;;;;;;;
502;31/01/2024;1;3;8;2;0;0;8;;;;;;;;;;;;;;;;;;;;;;;;
503;02/02/2024;1;8;4;4;3;0;9;;;;;;;;;;;;;;;;;;;;;;;;
504;05/02/2024;8;3;7;1;4;9;5;;;;;;;;;;;;;;;;;;;;;;;;
505;07/02/2024;9;7;6;2;0;5;3;;;;;;;;;;;;;;;;;;;;;;;;
506;09/02/2024;1;9;2;7;8;9;4;;;;;;;;;;;;;;;;;;;;;;;;
507;14/02/2024;9;0;8;0;0;4;3;;;;;;;;;;;;;;;;;;;;;;;;
508;16/02/2024;0;4;6;6;0;5;9;;;;;;;;;;;;;;;;;;;;;;;;
509;19/02/2024;9;4;4;9;5;6;3;;;;;;;;;;;;;;;;;;;;;;;;
510;21/02/2024;0;8;6;4;3;6;9;;;;;;;;;;;;;;;;;;;;;;;;
511;23/02/2024;6;2;1;2;8;4;7;;;;;;;;;;;;;;;;;;;;;;;;
512;26/02/2024;5;9;8;0;0;4;9;;;;;;;;;;;;;;;;;;;;;;;;
513;28/02/2024;4;5;6;4;4;6;2;;;;;;;;;;;;;;;;;;;;;;;;
514;01/03/2024;9;4;9;6;3;0;1;;;;;;;;;;;;;;;;;;;;;;;;
515;04/03/2024;5;1;4;3;2;3;2;;;;;;;;;;;;;;;;;;;;;;;;
516;06/03/2024;8;5;0;7;8;0;1;;;;;;;;;;;;;;;;;;;;;;;;
517;08/03/2024;0;3;3;2;4;9;2;;;;;;;;;;;;;;;;;;;;;;;;
518;11/03/2024;5;9;2;4;7;0;4;;;;;;;;;;;;;;;;;;;;;;;;
519;13/03/2024;1;8;7;3;8;0;5;;;;;;;;;;;;;;;;;;;;;;;;
520;15/03/2024;1;9;8;1;4;5;2;;;;;;;;;;;;;;;;;;;;;;;;
521;18/03/2024;5;6;4;7;7;5;3;;;;;;;;;;;;;;;;;;;;;;;;
522;20/03/2024;6;0;2;3;3;7;1;;;;;;;;;;;;;;;;;;;;;;;;
523;22/03/2024;1;7;4;6;3;6;8;;;;;;;;;;;;;;;;;;;;;;;;
524;25/03/2024;1;7;6;7;2;0;2;;;;;;;;;;;;;;;;;;;;;;;;
525;27/03/2024;2;9;6;1;2;7;2;;;;;;;;;;;;;;;;;;;;;;;;
526;01/04/2024;2;7;6;6;9;1;9;;;;;;;;;;;;;;;;;;;;;;;;
527;03/04/2024;1;3;0;9;6;4;3;;;;;;;;;;;;;;;;;;;;;;;;
528;05/04/2024;6;5;3;2;8;0;2;;;;;;;;;;;;;;;;;;;;;;;;
529;08/04/2024;2;6;4;6;5;9;6;;;;;;;;;;;;;;;;;;;;;;;;
530;10/04/2024;2;5;3;9;4;1;0;;;;;;;;;;;;;;;;;;;;;;;;
531;12/04/2024;1;1;5;2;6;3;1;;;;;;;;;;;;;;;;;;;;;;;;
532;15/04/2024;5;1;4;4;2;8;2;;;;;;;;;;;;;;;;;;;;;;;;
533;17/04/2024;9;3;2;8;3;0;1;;;;;;;;;;;;;;;;;;;;;;;;
534;19/04/2024;0;2;5;1;7;5;8;;;;;;;;;;;;;;;;;;;;;;;;
535;22/04/2024;4;5;2;0;0;7;9;;;;;;;;;;;;;;;;;;;;;;;;
536;24/04/2024;2;8;1;3;8;8;0;;;;;;;;;;;;;;;;;;;;;;;;
537;26/04/2024;3;2;8;6;8;1;0;;;;;;;;;;;;;;;;;;;;;;;;
538;29/04/2024;1;5;6;2;7;0;8;;;;;;;;;;;;;;;;;;;;;;;;
539;03/05/2024;5;8;7;8;3;8;2;;;;;;;;;;;;;;;;;;;;;;;;
540;06/05/2024;5;2;5;4;7;3;9;;;;;;;;;;;;;;;;;;;;;;;;
541;08/05/2024;8;1;7;4;5;7;6;;;;;;;;;;;;;;;;;;;;;;;;
542;10/05/2024;8;5;1;2;1;1;1;;;;;;;;;;;;;;;;;;;;;;;;
543;13/05/2024;5;0;2;4;6;1;1;;;;;;;;;;;;;;;;;;;;;;;;
544;15/05/2024;4;9;8;8;1;0;3;;;;;;;;;;;;;;;;;;;;;;;;
545;17/05/2024;8;2;1;1;0;8;0;;;;;;;;;;;;;;;;;;;;;;;;
546;20/05/2024;4;0;9;5;2;8;3;;;;;;;;;;;;;;;;;;;;;;;;
547;22/05/2024;5;7;3;6;8;2;1;;;;;;;;;;;;;;;;;;;;;;;;
548;24/05/2024;4;7;0;3;5;4;3;;;;;;;;;;;;;;;;;;;;;;;;
549;27/05/2024;5;8;4;7;0;2;8;;;;;;;;;;;;;;;;;;;;;;;;
550;29/05/2024;4;8;8;8;3;3;2;;;;;;;;;;;;;;;;;;;;;;;;
551;31/05/2024;4;5;7;2;6;2;5;;;;;;;;;;;;;;;;;;;;;;;;
552;03/06/2024;3;4;1;3;6;8;0;;;;;;;;;;;;;;;;;;;;;;;;
553;05/06/2024;5;2;7;5;0;8;5;;;;;;;;;;;;;;;;;;;;;;;;
554;07/06/2024;9;5;8;2;8;6;9;;;;;;;;;;;;;;;;;;;;;;;;
555;10/06/2024;4;0;0;8;9;7;2;;;;;;;;;;;;;;;;;;;;;;;;
556;12/06/2024;1;7;0;2;3;7;0;;;;;;;;;;;;;;;;;;;;;;;;
557;14/06/2024;0;1;7;9;2;0;5;;;;;;;;;;;;;;;;;;;;;;;;
558;17/06/2024;5;5;1;0;3;4;0;;;;;;;;;;;;;;;;;;;;;;;;
559;19/06/2024;8;6;9;2;5;9;1;;;;;;;;;;;;;;;;;;;;;;;;
560;21/06/2024;8;6;9;9;5;7;9;;;;;;;;;;;;;;;;;;;;;;;;
561;24/06/2024;4;8;6;0;5;6;2;;;;;;;;;;;;;;;;;;;;;;;;
562;26/06/2024;5;8;5;4;9;8;5;;;;;;;;;;;;;;;;;;;;;;;;
563;28/06/2024;3;4;7;4;7;3;5;;;;;;;;;;;;;;;;;;;;;;;;
564;01/07/2024;2;6;3;6;4;7;6;;;;;;;;;;;;;;;;;;;;;;;;
565;03/07/2024;6;1;5;5;1;8;7;;;;;;;;;;;;;;;;;;;;;;;;
566;05/07/2024;7;1;3;5;8;4;9;;;;;;;;;;;;;;;;;;;;;;;;
567;08/07/2024;4;8;5;3;4;7;1;;;;;;;;;;;;;;;;;;;;;;;;
568;10/07/2024;5;3;5;4;6;3;3;;;;;;;;;;;;;;;;;;;;;;;;
569;12/07/2024;2;7;7;7;2;5;5;;;;;;;;;;;;;;;;;;;;;;;;
570;15/07/2024;9;3;2;4;4;5;5;;;;;;;;;;;;;;;;;;;;;;;;
571;17/07/2024;8;8;6;3;7;0;8;;;;;;;;;;;;;;;;;;;;;;;;
572;19/07/2024;4;5;6;3;3;8;7;;;;;;;;;;;;;;;;;;;;;;;;
573;22/07/2024;6;2;0;6;4;4;4;;;;;;;;;;;;;;;;;;;;;;;;
574;24/07/2024;9;3;4;8;1;9;4;;;;;;;;;;;;;;;;;;;;;;;;
575;26/07/2024;9;4;7;4;1;4;3;;;;;;;;;;;;;;;;;;;;;;;;
576;29/07/2024;1;1;6;7;7;6;6;;;;;;;;;;;;;;;;;;;;;;;;
577;31/07/2024;4;1;3;0;5;8;8;;;;;;;;;;;;;;;;;;;;;;;;
578;02/08/2024;3;4;0;2;8;4;2;;;;;;;;;;;;;;;;;;;;;;;;
579;05/08/2024;3;3;5;5;2;0;3;;;;;;;;;;;;;;;;;;;;;;;;
580;07/08/2024;2;3;5;6;6;8;7;;;;;;;;;;;;;;;;;;;;;;;;
581;09/08/2024;9;6;5;1;4;4;8;;;;;;;;;;;;;;;;;;;;;;;;
582;12/08/2024;9;0;8;5;4;0;5;;;;;;;;;;;;;;;;;;;;;;;;
583;14/08/2024;7;9;6;6;4;3;6;;;;;;;;;;;;;;;;;;;;;;;;
584;16/08/2024;7;6;8;9;7;4;9;;;;;;;;;;;;;;;;;;;;;;;;
585;19/08/2024;7;7;4;9;7;9;9;;;;;;;;;;;;;;;;;;;;;;;;
586;21/08/2024;5;2;5;5;7;7;4;;;;;;;;;;;;;;;;;;;;;;;;
587;23/08/2024;7;5;5;7;6;4;4;;;;;;;;;;;;;;;;;;;;;;;;
588;26/08/2024;0;1;8;9;6;5;1;;;;;;;;;;;;;;;;;;;;;;;;
589;28/08/2024;8;5;5;6;6;7;2;;;;;;;;;;;;;;;;;;;;;;;;
590;30/08/2024;0;3;2;4;0;0;5;;;;;;;;;;;;;;;;;;;;;;;;
591;02/09/2024;4;8;3;6;5;0;2;;;;;;;;;;;;;;;;;;;;;;;;
592;04/09/2024;6;5;7;9;5;3;6;;;;;;;;;;;;;;;;;;;;;;;;
593;06/09/2024;5;3;5;6;4;0;0;;;;;;;;;;;;;;;;;;;;;;;;
594;09/09/2024;9;5;8;4;5;4;4;;;;;;;;;;;;;;;;;;;;;;;;
595;11/09/2024;1;3;8;6;8;7;8;;;;;;;;;;;;;;;;;;;;;;;;
596;13/09/2024;8;4;0;1;5;2;5;;;;;;;;;;;;;;;;;;;;;;;;
597;16/09/2024;4;4;0;6;3;2;9;;;;;;;;;;;;;;;;;;;;;;;;
598;18/09/2024;4;6;9;1;0;0;8;;;;;;;;;;;;;;;;;;;;;;;;
599;20/09/2024;3;5;1;2;5;6;4;;;;;;;;;;;;;;;;;;;;;;;;
600;23/09/2024;3;0;8;8;4;3;6;;;;;;;;;;;;;;;;;;;;;;;;
601;25/09/2024;6;6;5;4;6;1;9;;;;;;;;;;;;;;;;;;;;;;;;
602;27/09/2024;0;9;7;0;5;7;2;;;;;;;;;;;;;;;;;;;;;;;;
603;30/09/2024;6;0;0;9;9;6;3;;;;;;;;;;;;;;;;;;;;;;;;
604;02/10/2024;2;4;0;8;3;0;0;;;;;;;;;;;;;;;;;;;;;;;;
605;04/10/2024;2;7;9;9;8;0;0;;;;;;;;;;;;;;;;;;;;;;;;
606;07/10/2024;1;9;7;4;1;8;1;;;;;;;;;;;;;;;;;;;;;;;;
607;09/10/2024;0;7;1;0;5;3;5;;;;;;;;;;;;;;;;;;;;;;;;
608;11/10/2024;5;6;8;6;2;4;8;;;;;;;;;;;;;;;;;;;;;;;;
609;14/10/2024;9;3;9;1;6;9;2;;;;;;;;;;;;;;;;;;;;;;;;
610;16/10/2024;5;3;7;1;7;6;1;;;;;;;;;;;;;;;;;;;;;;;;
611;18/10/2024;4;6;3;7;6;2;0;;;;;;;;;;;;;;;;;;;;;;;;
612;21/10/2024;4;8;9;0;5;2;8;;;;;;;;;;;;;;;;;;;;;;;;
613;23/10/2024;1;9;4;6;3;1;8;;;;;;;;;;;;;;;;;;;;;;;;
614;25/10/2024;3;7;0;0;1;2;4;;;;;;;;;;;;;;;;;;;;;;;;
615;28/10/2024;1;8;3;6;8;7;7;;;;;;;;;;;;;;;;;;;;;;;;
616;30/10/2024;9;7;4;7;5;9;9;;;;;;;;;;;;;;;;;;;;;;;;
617;01/11/2024;3;8;0;5;2;6;5;;;;;;;;;;;;;;;;;;;;;;;;
618;04/11/2024;2;5;6;6;4;3;8;;;;;;;;;;;;;;;;;;;;;;;;
619;06/11/2024;8;2;3;8;0;0;5;;;;;;;;;;;;;;;;;;;;;;;;
620;08/11/2024;1;4;2;3;9;3;6;;;;;;;;;;;;;;;;;;;;;;;;
621;11/11/2024;0;5;0;7;6;2;3;;;;;;;;;;;;;;;;;;;;;;;;
622;13/11/2024;6;2;1;9;3;9;2;;;;;;;;;;;;;;;;;;;;;;;;
623;18/11/2024;9;9;6;9;2;4;3;;;;;;;;;;;;;;;;;;;;;;;;
624;22/11/2024;6;6;4;3;6;0;5;;;;;;;;;;;;;;;;;;;;;;;;
625;25/11/2024;4;2;4;3;4;1;8;;;;;;;;;;;;;;;;;;;;;;;;
626;27/11/2024;0;4;8;2;2;3;1;;;;;;;;;;;;;;;;;;;;;;;;
627;29/11/2024;9;4;4;5;7;9;2;;;;;;;;;;;;;;;;;;;;;;;;
628;02/12/2024;4;7;4;3;3;3;5;;;;;;;;;;;;;;;;;;;;;;;;
629;04/12/2024;7;7;1;7;5;9;4;;;;;;;;;;;;;;;;;;;;;;;;
630;06/12/2024;6;0;9;5;7;1;0;;;;;;;;;;;;;;;;;;;;;;;;
631;09/12/2024;1;8;3;7;8;1;8;;;;;;;;;;;;;;;;;;;;;;;;
632;11/12/2024;7;5;0;7;4;6;3;;;;;;;;;;;;;;;;;;;;;;;;
633;13/12/2024;1;6;7;5;7;7;3;;;;;;;;;;;;;;;;;;;;;;;;
634;16/12/2024;7;0;3;3;9;3;0;;;;;;;;;;;;;;;;;;;;;;;;
635;18/12/2024;3;6;3;7;1;4;1;;;;;;;;;;;;;;;;;;;;;;;;
636;20/12/2024;7;5;6;0;5;0;2;;;;;;;;;;;;;;;;;;;;;;;;
637;23/12/2024;6;4;1;3;6;9;1;;;;;;;;;;;;;;;;;;;;;;;;
638;27/12/2024;1;0;1;6;6;6;0;;;;;;;;;;;;;;;;;;;;;;;;
639;30/12/2024;6;1;7;5;4;7;4;;;;;;;;;;;;;;;;;;;;;;;;
640;03/01/2025;7;6;7;8;6;7;5;;;;;;;;;;;;;;;;;;;;;;;;
641;06/01/2025;3;2;3;7;1;2;2;;;;;;;;;;;;;;;;;;;;;;;;
642;08/01/2025;5;3;1;5;4;6;7;;;;;;;;;;;;;;;;;;;;;;;;
643;10/01/2025;8;7;1;4;4;0;6;;;;;;;;;;;;;;;;;;;;;;;;
644;13/01/2025;4;6;0;4;9;3;6;;;;;;;;;;;;;;;;;;;;;;;;
645;15/01/2025;5;2;2;5;0;0;4;;;;;;;;;;;;;;;;;;;;;;;;
646;17/01/2025;0;8;7;1;5;9;6;;;;;;;;;;;;;;;;;;;;;;;;
647;20/01/2025;2;1;2;6;3;7;1;;;;;;;;;;;;;;;;;;;;;;;;
648;22/01/2025;9;7;4;5;5;8;0;;;;;;;;;;;;;;;;;;;;;;;;
649;24/01/2025;9;6;4;7;8;2;3;;;;;;;;;;;;;;;;;;;;;;;;
650;27/01/2025;0;7;6;1;6;9;8;;;;;;;;;;;;;;;;;;;;;;;;
651;29/01/2025;8;7;3;1;3;1;9;;;;;;;;;;;;;;;;;;;;;;;;
652;31/01/2025;0;9;2;1;8;8;0;;;;;;;;;;;;;;;;;;;;;;;;
653;03/02/2025;4;1;3;9;2;0;3;;;;;;;;;;;;;;;;;;;;;;;;
654;05/02/2025;0;8;2;3;7;5;0;;;;;;;;;;;;;;;;;;;;;;;;
655;07/02/2025;8;7;7;7;9;7;9;;;;;;;;;;;;;;;;;;;;;;;;
656;10/02/2025;5;9;3;9;7;2;6;;;;;;;;;;;;;;;;;;;;;;;;
657;12/02/2025;5;5;7;6;4;9;7;;;;;;;;;;;;;;;;;;;;;;;;
658;14/02/2025;0;9;7;2;7;5;4;;;;;;;;;;;;;;;;;;;;;;;;
659;17/02/2025;5;5;7;4;3;6;3;;;;;;;;;;;;;;;;;;;;;;;;
660;19/02/2025;4;3;5;1;2;8;9;;;;;;;;;;;;;;;;;;;;;;;;
661;21/02/2025;4;9;9;8;8;5;2;;;;;;;;;;;;;;;;;;;;;;;;
662;24/02/2025;1;4;4;5;7;8;9;;;;;;;;;;;;;;;;;;;;;;;;
663;26/02/2025;2;3;5;8;3;1;6;;;;;;;;;;;;;;;;;;;;;;;;
664;28/02/2025;5;8;9;1;5;4;1;;;;;;;;;;;;;;;;;;;;;;;;
665;05/03/2025;2;9;5;9;3;7;2;;;;;;;;;;;;;;;;;;;;;;;;
666;07/03/2025;2;4;6;3;4;6;1;;;;;;;;;;;;;;;;;;;;;;;;
667;10/03/2025;5;8;3;3;4;9;4;;;;;;;;;;;;;;;;;;;;;;;;
668;12/03/2025;5;5;9;9;6;7;3;;;;;;;;;;;;;;;;;;;;;;;;
669;14/03/2025;9;7;5;1;4;0;7;;;;;;;;;;;;;;;;;;;;;;;;
670;17/03/2025;9;8;4;0;9;1;5;;;;;;;;;;;;;;;;;;;;;;;;
671;19/03/2025;8;8;6;6;4;3;7;;;;;;;;;;;;;;;;;;;;;;;;
672;21/03/2025;5;2;1;6;7;6;9;;;;;;;;;;;;;;;;;;;;;;;;
673;24/03/2025;6;5;9;9;7;5;5;;;;;;;;;;;;;;;;;;;;;;;;
674;26/03/2025;4;4;1;7;0;2;6;;;;;;;;;;;;;;;;;;;;;;;;
675;28/03/2025;0;3;6;0;7;0;2;;;;;;;;;;;;;;;;;;;;;;;;
676;31/03/2025;3;9;7;8;7;9;1;;;;;;;;;;;;;;;;;;;;;;;;
677;02/04/2025;6;2;1;8;2;1;0;;;;;;;;;;;;;;;;;;;;;;;;
678;04/04/2025;2;3;1;5;9;0;7;;;;;;;;;;;;;;;;;;;;;;;;
679;07/04/2025;9;3;2;9;7;2;4;;;;;;;;;;;;;;;;;;;;;;;;
680;09/04/2025;8;5;4;5;0;2;5;;;;;;;;;;;;;;;;;;;;;;;;
681;11/04/2025;0;6;2;5;5;7;2;;;;;;;;;;;;;;;;;;;;;;;;
682;14/04/2025;1;4;1;2;7;1;2;;;;;;;;;;;;;;;;;;;;;;;;
683;16/04/2025;3;4;0;2;0;8;0;;;;;;;;;;;;;;;;;;;;;;;;
684;23/04/2025;6;7;7;1;6;7;7;;;;;;;;;;;;;;;;;;;;;;;;
685;25/04/2025;9;1;5;0;5;3;7;;;;;;;;;;;;;;;;;;;;;;;;
686;28/04/2025;0;2;3;9;6;0;0;;;;;;;;;;;;;;;;;;;;;;;;
687;30/04/2025;8;3;5;9;0;0;0;;;;;;;;;;;;;;;;;;;;;;;;
688;02/05/2025;0;2;2;6;7;8;6;;;;;;;;;;;;;;;;;;;;;;;;
689;05/05/2025;6;8;5;5;6;7;4;;;;;;;;;;;;;;;;;;;;;;;;
690;07/05/2025;8;3;5;8;7;2;5;;;;;;;;;;;;;;;;;;;;;;;;
691;09/05/2025;1;7;8;5;5;6;4;;;;;;;;;;;;;;;;;;;;;;;;
692;12/05/2025;6;0;4;8;0;5;5;;;;;;;;;;;;;;;;;;;;;;;;
693;14/05/2025;3;4;4;5;4;0;1;;;;;;;;;;;;;;;;;;;;;;;;
694;16/05/2025;4;1;1;1;1;8;7;;;;;;;;;;;;;;;;;;;;;;;;
695;19/05/2025;8;9;1;1;9;8;5;;;;;;;;;;;;;;;;;;;;;;;;
696;21/05/2025;0;8;5;7;6;0;4;;;;;;;;;;;;;;;;;;;;;;;;
697;23/05/2025;3;4;9;2;0;6;6;;;;;;;;;;;;;;;;;;;;;;;;
698;26/05/2025;9;1;6;9;7;2;6;;;;;;;;;;;;;;;;;;;;;;;;
699;28/05/2025;3;5;5;4;9;8;6;;;;;;;;;;;;;;;;;;;;;;;;
700;30/05/2025;3;0;6;6;5;8;2;;;;;;;;;;;;;;;;;;;;;;;;
701;02/06/2025;0;4;8;2;6;5;4;;;;;;;;;;;;;;;;;;;;;;;;
702;04/06/2025;6;8;0;5;3;0;2;;;;;;;;;;;;;;;;;;;;;;;;
703;06/06/2025;3;7;0;6;6;9;8;;;;;;;;;;;;;;;;;;;;;;;;
704;09/06/2025;2;1;3;5;1;7;1;;;;;;;;;;;;;;;;;;;;;;;;
705;11/06/2025;8;6;6;5;3;1;3;;;;;;;;;;;;;;;;;;;;;;;;
706;13/06/2025;3;8;9;2;8;0;6;;;;;;;;;;;;;;;;;;;;;;;;
707;16/06/2025;3;7;6;6;4;1;2;;;;;;;;;;;;;;;;;;;;;;;;
708;18/06/2025;0;8;9;4;9;5;4;;;;;;;;;;;;;;;;;;;;;;;;
709;20/06/2025;0;3;7;4;9;6;1;;;;;;;;;;;;;;;;;;;;;;;;
710;23/06/2025;2;0;5;0;0;6;5;;;;;;;;;;;;;;;;;;;;;;;;
711;25/06/2025;5;9;1;9;7;0;5;;;;;;;;;;;;;;;;;;;;;;;;
712;27/06/2025;8;2;2;5;6;5;9;;;;;;;;;;;;;;;;;;;;;;;;
713;30/06/2025;5;1;9;9;7;3;4;;;;;;;;;;;;;;;;;;;;;;;;
714;02/07/2025;0;5;8;4;5;8;8;;;;;;;;;;;;;;;;;;;;;;;;
715;04/07/2025;6;5;6;7;1;7;3;;;;;;;;;;;;;;;;;;;;;;;;
716;07/07/2025;9;0;0;7;9;4;1;;;;;;;;;;;;;;;;;;;;;;;;
717;09/07/2025;0;0;6;5;6;1;0;;;;;;;;;;;;;;;;;;;;;;;;
718;11/07/2025;8;3;5;1;0;1;4;;;;;;;;;;;;;;;;;;;;;;;;
719;14/07/2025;6;1;1;1;4;7;3;;;;;;;;;;;;;;;;;;;;;;;;
720;16/07/2025;5;5;7;8;5;7;8;;;;;;;;;;;;;;;;;;;;;;;;
721;18/07/2025;9;5;6;2;4;1;1;;;;;;;;;;;;;;;;;;;;;;;;
722;21/07/2025;0;7;4;9;4;9;1;;;;;;;;;;;;;;;;;;;;;;;;
723;23/07/2025;0;1;4;9;7;9;6;;;;;;;;;;;;;;;;;;;;;;;;
724;25/07/2025;7;2;1;7;0;8;7;;;;;;;;;;;;;;;;;;;;;;;;
725;28/07/2025;0;0;5;2;0;4;3;;;;;;;;;;;;;;;;;;;;;;;;
726;30/07/2025;0;9;7;1;5;2;6;;;;;;;;;;;;;;;;;;;;;;;;
727;01/08/2025;8;9;0;5;5;2;6;;;;;;;;;;;;;;;;;;;;;;;;
728;04/08/2025;5;0;2;3;9;8;1;;;;;;;;;;;;;;;;;;;;;;;;
729;06/08/2025;1;1;3;1;7;8;6;;;;;;;;;;;;;;;;;;;;;;;;
730;08/08/2025;6;4;5;7;0;0;3;;;;;;;;;;;;;;;;;;;;;;;;
731;11/08/2025;6;1;1;0;1;6;7;;;;;;;;;;;;;;;;;;;;;;;;
732;13/08/2025;3;2;5;0;3;6;9;;;;;;;;;;;;;;;;;;;;;;;;
733;15/08/2025;1;5;9;8;8;8;3;;;;;;;;;;;;;;;;;;;;;;;;
734;18/08/2025;1;8;5;7;0;9;8;;;;;;;;;;;;;;;;;;;;;;;;
735;20/08/2025;7;3;0;3;2;2;8;;;;;;;;;;;;;;;;;;;;;;;;
736;22/08/2025;1;2;2;0;9;0;2;;;;;;;;;;;;;;;;;;;;;;;;
737;25/08/2025;8;4;2;0;5;6;2;;;;;;;;;;;;;;;;;;;;;;;;
738;27/08/2025;3;2;0;3;3;4;8;;;;;;;;;;;;;;;;;;;;;;;;
739;29/08/2025;2;3;7;3;5;9;6;;;;;;;;;;;;;;;;;;;;;;;;
740;01/09/2025;4;9;0;7;5;4;5;;;;;;;;;;;;;;;;;;;;;;;;
741;03/09/2025;6;3;8;8;8;8;5;;;;;;;;;;;;;;;;;;;;;;;;
742;05/09/2025;4;0;1;4;7;9;1;;;;;;;;;;;;;;;;;;;;;;;;
743;08/09/2025;1;4;2;4;8;1;1;;;;;;;;;;;;;;;;;;;;;;;;
744;10/09/2025;5;5;0;4;0;3;5;;;;;;;;;;;;;;;;;;;;;;;;
745;12/09/2025;3;5;1;5;2;7;4;;;;;;;;;;;;;;;;;;;;;;;;
746;15/09/2025;8;7;9;8;9;6;9;;;;;;;;;;;;;;;;;;;;;;;;
747;17/09/2025;1;1;6;9;9;7;8;;;;;;;;;;;;;;;;;;;;;;;;
748;19/09/2025;3;6;8;0;3;3;7;;;;;;;;;;;;;;;;;;;;;;;;
749;22/09/2025;3;4;9;0;4;3;7;;;;;;;;;;;;;;;;;;;;;;;;
750;24/09/2025;1;1;6;2;4;6;2;;;;;;;;;;;;;;;;;;;;;;;;
751;26/09/2025;1;5;7;3;2;4;5;;;;;;;;;;;;;;;;;;;;;;;;
752;29/09/2025;2;5;8;8;6;7;1;;;;;;;;;;;;;;;;;;;;;;;;
753;01/10/2025;1;3;7;9;6;3;1;;;;;;;;;;;;;;;;;;;;;;;;
754;03/10/2025;0;6;8;4;6;8;0;;;;;;;;;;;;;;;;;;;;;;;;
755;06/10/2025;6;5;4;1;0;3;4;;;;;;;;;;;;;;;;;;;;;;;;
756;08/10/2025;0;7;3;0;9;7;3;;;;;;;;;;;;;;;;;;;;;;;;
757;10/10/2025;0;6;7;2;0;7;0;;;;;;;;;;;;;;;;;;;;;;;;
758;13/10/2025;4;6;8;0;3;0;0;;;;;;;;;;;;;;;;;;;;;;;;
759;15/10/2025;2;2;5;3;5;9;5;;;;;;;;;;;;;;;;;;;;;;;;
760;17/10/2025;0;2;4;0;7;4;9;;;;;;;;;;;;;;;;;;;;;;;;
761;20/10/2025;4;7;4;8;6;6;2;;;;;;;;;;;;;;;;;;;;;;;;
762;22/10/2025;7;7;5;3;1;0;2;;;;;;;;;;;;;;;;;;;;;;;;
763;24/10/2025;3;9;0;7;3;5;2;;;;;;;;;;;;;;;;;;;;;;;;
764;27/10/2025;0;4;5;3;1;8;5;;;;;;;;;;;;;;;;;;;;;;;;
765;29/10/2025;8;4;6;2;4;0;6;;;;;;;;;;;;;;;;;;;;;;;;
766;31/10/2025;0;1;0;7;0;4;7;;;;;;;;;;;;;;;;;;;;;;;;
767;03/11/2025;0;7;6;2;0;0;6;;;;;;;;;;;;;;;;;;;;;;;;
768;05/11/2025;6;5;8;0;2;5;9;;;;;;;;;;;;;;;;;;;;;;;;
769;07/11/2025;5;8;4;6;3;3;0;;;;;;;;;;;;;;;;;;;;;;;;
770;10/11/2025;9;4;3;4;4;9;7;;;;;;;;;;;;;;;;;;;;;;;;
771;12/11/2025;3;7;6;0;5;7;8;;;;;;;;;;;;;;;;;;;;;;;;
772;14/11/2025;0;9;0;9;7;9;4;;;;;;;;;;;;;;;;;;;;;;;;
773;17/11/2025;9;3;6;0;1;6;3;;;;;;;;;;;;;;;;;;;;;;;;
774;19/11/2025;7;9;9;8;6;2;6;;;;;;;;;;;;;;;;;;;;;;;;
775;21/11/2025;3;4;4;6;6;6;1;;;;;;;;;;;;;;;;;;;;;;;;
776;24/11/2025;3;2;1;6;1;8;9;;;;;;;;;;;;;;;;;;;;;;;;
777;26/11/2025;9;9;1;5;0;8;9;;;;;;;;;;;;;;;;;;;;;;;;
778;28/11/2025;8;2;0;8;3;8;5;;;;;;;;;;;;;;;;;;;;;;;;
779;01/12/2025;9;4;0;0;0;9;9;;;;;;;;;;;;;;;;;;;;;;;;
780;03/12/2025;5;4;0;2;2;3;9;;;;;;;;;;;;;;;;;;;;;;;;
781;05/12/2025;4;5;4;4;3;6;2;;;;;;;;;;;;;;;;;;;;;;;;
782;08/12/2025;5;1;3;4;9;9;3;;;;;;;;;;;;;;;;;;;;;;;;
783;10/12/2025;4;4;9;0;0;7;5;;;;;;;;;;;;;;;;;;;;;;;;
784;12/12/2025;8;0;1;5;3;3;3;;;;;;;;;;;;;;;;;;;;;;;;
785;15/12/2025;5;2;4;9;2;9;8;;;;;;;;;;;;;;;;;;;;;;;;
786;17/12/2025;8;0;7;1;8;9;3;;;;;;;;;;;;;;;;;;;;;;;;
787;19/12/2025;8;9;2;2;7;0;3;;;;;;;;;;;;;;;;;;;;;;;;
788;22/12/2025;1;7;1;2;2;4;0;;;;;;;;;;;;;;;;;;;;;;;;
789;24/12/2025;6;5;7;4;3;9;4;;;;;;;;;;;;;;;;;;;;;;;;
790;26/12/2025;6;3;6;2;7;4;3;;;;;;;;;;;;;;;;;;;;;;;;
791;29/12/2025;2;5;9;2;3;7;1;;;;;;;;;;;;;;;;;;;;;;;;
792;01/01/2026;7;1;0;3;3;0;3;;;;;;;;;;;;;;;;;;;;;;;;
793;02/01/2026;5;4;5;1;4;5;0;;;;;;;;;;;;;;;;;;;;;;;;
794;05/01/2026;8;4;3;7;7;6;1;;;;;;;;;;;;;;;;;;;;;;;;
795;07/01/2026;7;9;1;4;3;4;9;;;;;;;;;;;;;;;;;;;;;;;;
796;09/01/2026;5;6;2;7;0;7;6;;;;;;;;;;;;;;;;;;;;;;;;
797;12/01/2026;3;1;4;8;3;0;6;;;;;;;;;;;;;;;;;;;;;;;;
798;14/01/2026;4;8;5;7;1;4;6;;;;;;;;;;;;;;;;;;;;;;;;
799;16/01/2026;9;6;0;4;7;1;8;;;;;;;;;;;;;;;;;;;;;;;;
800;19/01/2026;4;1;2;5;2;2;5;;;;;;;;;;;;;;;;;;;;;;;;
801;21/01/2026;2;7;4;3;9;2;1;;;;;;;;;;;;;;;;;;;;;;;;
802;23/01/2026;0;0;7;8;1;6;9;;;;;;;;;;;;;;;;;;;;;;;;
803;26/01/2026;6;4;2;1;6;8;7;;;;;;;;;;;;;;;;;;;;;;;;
804;28/01/2026;9;7;8;9;4;6;7;;;;;;;;;;;;;;;;;;;;;;;;
805;30/01/2026;3;0;0;0;8;0;8;;;;;;;;;;;;;;;;;;;;;;;;
806;02/02/2026;7;4;4;9;7;6;8;;;;;;;;;;;;;;;;;;;;;;;;
807;04/02/2026;9;5;0;3;3;6;9;;;;;;;;;;;;;;;;;;;;;;;;
808;06/02/2026;5;4;1;2;7;5;3;;;;;;;;;;;;;;;;;;;;;;;;
809;09/02/2026;6;1;7;0;8;5;5;;;;;;;;;;;;;;;;;;;;;;;;
810;11/02/2026;5;9;3;5;1;0;4;;;;;;;;;;;;;;;;;;;;;;;;
811;13/02/2026;9;6;1;2;0;2;5;;;;;;;;;;;;;;;;;;;;;;;;
812;18/02/2026;2;7;2;0;1;1;7;;;;;;;;;;;;;;;;;;;;;;;;
813;20/02/2026;4;7;9;1;9;2;5;;;;;;;;;;;;;;;;;;;;;;;;
814;23/02/2026;2;5;6;9;4;6;3;;;;;;;;;;;;;;;;;;;;;;;;
815;25/02/2026;5;5;7;5;6;5;5;;;;;;;;;;;;;;;;;;;;;;;;
816;27/02/2026;6;9;3;7;2;4;0;;;;;;;;;;;;;;;;;;;;;;;;
817;02/03/2026;6;9;3;8;7;3;7;;;;;;;;;;;;;;;;;;;;;;;;
818;04/03/2026;8;6;4;2;7;5;9;;;;;;;;;;;;;;;;;;;;;;;;
819;06/03/2026;7;9;8;2;3;0;8;;;;;;;;;;;;;;;;;;;;;;;;
820;09/03/2026;3;0;1;8;8;5;5;;;;;;;;;;;;;;;;;;;;;;;;
821;11/03/2026;4;5;6;5;2;0;8;;;;;;;;;;;;;;;;;;;;;;;;
822;13/03/2026;4;6;0;9;9;9;4;;;;;;;;;;;;;;;;;;;;;;;;
823;16/03/2026;6;7;5;6;1;4;4;;;;;;;;;;;;;;;;;;;;;;;;
824;18/03/2026;6;5;4;4;8;4;5;;;;;;;;;;;;;;;;;;;;;;;;
825;20/03/2026;6;1;2;2;0;1;3;;;;;;;;;;;;;;;;;;;;;;;;
826;23/03/2026;2;8;9;3;5;3;0;;;;;;;;;;;;;;;;;;;;;;;;
827;25/03/2026;1;8;3;5;4;6;3;;;;;;;;;;;;;;;;;;;;;;;;
828;27/03/2026;0;1;7;6;7;6;9;;;;;;;;;;;;;;;;;;;;;;;;
829;30/03/2026;2;5;5;4;4;3;5;;;;;;;;;;;;;;;;;;;;;;;;
830;01/04/2026;0;6;2;0;7;8;4;;;;;;;;;;;;;;;;;;;;;;;;
831;06/04/2026;5;8;7;8;0;4;8;;;;;;;;;;;;;;;;;;;;;;;;
832;08/04/2026;1;2;1;8;4;5;8;;;;;;;;;;;;;;;;;;;;;;;;
833;10/04/2026;2;9;0;9;6;4;2;;;;;;;;;;;;;;;;;;;;;;;;
834;13/04/2026;8;5;2;1;3;4;4;;;;;;;;;;;;;;;;;;;;;;;;
835;15/04/2026;0;4;5;1;9;5;3;;;;;;;;;;;;;;;;;;;;;;;;
836;17/04/2026;3;2;7;2;2;0;7;;;;;;;;;;;;;;;;;;;;;;;;
837;20/04/2026;1;0;3;0;0;4;4;;;;;;;;;;;;;;;;;;;;;;;;
838;22/04/2026;1;0;7;8;7;3;1;;;;;;;;;;;;;;;;;;;;;;;;
839;24/04/2026;0;5;8;6;0;6;7;;;;;;;;;;;;;;;;;;;;;;;;
840;27/04/2026;1;1;3;8;6;3;4;;;;;;;;;;;;;;;;;;;;;;;;
841;29/04/2026;3;7;3;6;7;6;7;;;;;;;;;;;;;;;;;;;;;;;;
842;04/05/2026;3;8;5;0;2;1;2;;;;;;;;;;;;;;;;;;;;;;;;
843;06/05/2026;8;2;4;1;7;9;2;;;;;;;;;;;;;;;;;;;;;;;;
844;08/05/2026;7;8;7;9;9;3;0;;;;;;;;;;;;;;;;;;;;;;;;
845;11/05/2026;4;2;6;8;8;4;1;;;;;;;;;;;;;;;;;;;;;;;;
846;13/05/2026;1;0;2;4;4;1;5;;;;;;;;;;;;;;;;;;;;;;;;
847;15/05/2026;6;3;6;4;1;0;1;;;;;;;;;;;;;;;;;;;;;;;;
848;18/05/2026;7;2;5;3;5;6;2;;;;;;;;;;;;;;;;;;;;;;;;
849;20/05/2026;9;3;4;5;2;7;5;;;;;;;;;;;;;;;;;;;;;;;;
850;22/05/2026;4;3;1;5;6;3;3;;;;;;;;;;;;;;;;;;;;;;;;
851;25/05/2026;9;7;4;0;9;3;6;;;;;;;;;;;;;;;;;;;;;;;;
852;27/05/2026;7;6;8;4;6;4;5;;;;;;;;;;;;;;;;;;;;;;;;
853;29/05/2026;3;8;3;5;6;0;8;;;;;;;;;;;;;;;;;;;;;;;;
854;01/06/2026;6;7;9;7;4;5;4;;;;;;;;;;;;;;;;;;;;;;;;
855;03/06/2026;4;3;8;5;3;6;0;;;;;;;;;;;;;;;;;;;;;;;;
856;05/06/2026;5;8;6;4;7;0;1;;;;;;;;;;;;;;;;;;;;;;;;
857;08/06/2026;8;1;3;4;3;1;7;;;;;;;;;;;;;;;;;;;;;;;;
858;10/06/2026;2;3;4;0;6;2;6;;;;;;;;;;;;;;;;;;;;;;;;
859;12/06/2026;9;4;1;3;3;9;3;;;;;;;;;;;;;;;;;;;;;;;;
860;15/06/2026;2;1;4;4;1;3;1;;;;;;;;;;;;;;;;;;;;;;;;
861;17/06/2026;6;3;0;9;7;7;0;;;;;;;;;;;;;;;;;;;;;;;;
862;20/06/2026;9;5;4;7;6;6;0;;;;;;;;;;;;;;;;;;;;;;;;
863;22/06/2026;5;2;7;8;0;5;6;;;;;;;;;;;;;;;;;;;;;;;;
864;25/06/2026;0;0;4;1;5;9;3;;;;;;;;;;;;;;;;;;;;;;;;
865;26/06/2026;5;3;6;0;8;4;2;;;;;;;;;;;;;;;;;;;;;;;;
866;29/06/2026;4;7;5;1;6;2;5;;;;;;;;;;;;;;;;;;;;;;;;
867;01/07/2026;9;4;0;9;5;9;5;;;;;;;;;;;;;;;;;;;;;;;;
868;03/07/2026;6;8;5;6;8;1;9;;;;;;;;;;;;;;;;;;;;;;;;
869;06/07/2026;8;7;4;3;9;6;6;;;;;;;;;;;;;;;;;;;;;;;;
870;08/07/2026;5;5;5;6;0;5;2;;;;;;;;;;;;;;;;;;;;;;;;
871;10/07/2026;6;4;0;8;3;6;7;;;;;;;;;;;;;;;;;;;;;;;;
872;13/07/2026;8;3;6;3;0;6;1;;;;;;;;;;;;;;;;;;;;;;;;
873;15/07/2026;0;9;5;5;4;0;2;;;;;;;;;;;;;;;;;;;;;;;;
874;17/07/2026;5;9;1;5;1;8;8;;;;;;;;;;;;;;;;;;;;;;;;
875;20/07/2026;7;5;8;7;6;1;6;;;;;;;;;;;;;;;;;;;;;;;;
876;22/07/2026;1;5;9;5;6;4;7;;;;;;;;;;;;;;;;;;;;;;;;
877;24/07/2026;0;0;5;5;1;7;3;;;;;;;;;;;;;;;;;;;;;;;;
878;27/07/2026;5;5;0;1;7;5;3;;;;;;;;;;;;;;;;;;;;;;;;
879;29/07/2026;3;4;7;1;9;4;2;;;;;;;;;;;;;;;;;;;;;;;;
880;31/07/2026;7;0;4;3;5;8;7;;;;;;;;;;;;;;;;;;;;;;;;
881;03/08/2026;0;5;1;5;5;9;7;;;;;;;;;;;;;;;;;;;;;;;;
882;05/08/2026;8;2;2;1;4;9;3;;;;;;;;;;;;;;;;;;;;;;;;
883;07/08/2026;9;5;9;9;6;0;5;;;;;;;;;;;;;;;;;;;;;;;;
884;10/08/2026;9;9;9;2;1;7;0;;;;;;;;;;;;;;;;;;;;;;;;
885;12/08/2026;4;9;0;5;8;5;9;;;;;;;;;;;;;;;;;;;;;;;;
886;14/08/2026;1;5;2;2;7;6;9;;;;;;;;;;;;;;;;;;;;;;;;
887;17/08/2026;1;7;5;9;8;9;9;;;;;;;;;;;;;;;;;;;;;;;;
888;19/08/2026;1;4;1;5;7;5;0;;;;;;;;;;;;;;;;;;;;;;;;
889;21/08/2026;3;2;5;9;5;1;0;;;;;;;;;;;;;;;;;;;;;;;;
890;24/08/2026;5;3;8;3;5;0;1;;;;;;;;;;;;;;;;;;;;;;;;
891;26/08/2026;1;9;2;5;1;4;1;;;;;;;;;;;;;;;;;;;;;;;;
892;28/08/2026;1;8;6;5;7;2;0;;;;;;;;;;;;;;;;;;;;;;;;
893;31/08/2026;7;3;8;5;0;4;7;;;;;;;;;;;;;;;;;;;;;;;;
894;02/09/2026;9;8;1;3;1;9;6;;;;;;;;;;;;;;;;;;;;;;;;
